village_code,0_0,0_1,0_2,0_3,0_4,0_5,0_6,0_7,0_8,1_0,1_1,1_2,1_3,1_4,1_5,2_0,2_1,2_2,2_3,2_4,2_5,2_6,2_7,2_8,2_9
143688,0.155,0.06,0.0,0.241,0.0,0.543,0.0,0.0,0.0,0.517,0.483,0.0,0.0,0.0,0.0,0.0,0.0,0.0,0.0,0.0,0.0,0.026,0.974,0.0,0.0
143703,0.564,0.0,0.09,0.0,0.0,0.333,0.006,0.006,0.0,0.436,0.558,0.0,0.0,0.006,0.0,0.0,0.0,0.0,0.276,0.224,0.0,0.0,0.5,0.0,0.0
122957,0.007,0.0,0.017,0.029,0.934,0.01,0.002,0.0,0.0,0.433,0.567,0.0,0.0,0.0,0.0,0.0,0.0,0.0,0.254,0.076,0.002,0.0,0.66,0.007,0.0
122905,0.09,0.0,0.0,0.019,0.717,0.172,0.0,0.0,0.002,0.127,0.872,0.0,0.0,0.0,0.002,0.0,0.0,0.0,0.045,0.0,0.0,0.0,0.941,0.014,0.0
122907,0.036,0.0,0.007,0.007,0.946,0.004,0.0,0.0,0.0,0.255,0.73,0.007,0.004,0.0,0.004,0.0,0.0,0.004,0.237,0.007,0.007,0.004,0.662,0.079,0.0
143689,0.37,0.0,0.104,0.096,0.022,0.4,0.0,0.007,0.0,0.23,0.763,0.0,0.007,0.0,0.0,0.0,0.0,0.0,0.0,0.0,0.0,0.126,0.852,0.022,0.0
122912,0.131,0.0,0.0,0.016,0.841,0.012,0.0,0.0,0.0,0.719,0.275,0.0,0.006,0.0,0.0,0.0,0.0,0.0,0.012,0.034,0.0,0.0,0.9,0.053,0.0
122913,0.206,0.003,0.022,0.0,0.716,0.025,0.0,0.0,0.028,0.159,0.838,0.003,0.0,0.0,0.0,0.0,0.0,0.0,0.0,0.0,0.0,0.0,0.934,0.066,0.0
122914,0.0,0.007,0.0,0.0,0.993,0.0,0.0,0.0,0.0,0.66,0.34,0.0,0.0,0.0,0.0,0.0,0.0,0.0,0.0,0.0,0.013,0.0,0.967,0.02,0.0
122916,0.016,0.0,0.007,0.003,0.935,0.029,0.01,0.0,0.0,0.418,0.582,0.0,0.0,0.0,0.0,0.0,0.0,0.0,0.0,0.0,0.0,0.0,0.997,0.003,0.0
122918,0.066,0.002,0.007,0.008,0.91,0.005,0.0,0.0,0.003,0.35,0.648,0.0,0.0,0.0,0.002,0.0,0.0,0.0,0.008,0.025,0.002,0.0,0.924,0.041,0.0
122920,0.179,0.011,0.0,0.022,0.659,0.128,0.0,0.0,0.0,0.223,0.777,0.0,0.0,0.0,0.0,0.0,0.0,0.0,0.263,0.011,0.0,0.0,0.704,0.022,0.0
122921,0.05,0.0,0.0,0.008,0.79,0.134,0.0,0.017,0.0,0.286,0.714,0.0,0.0,0.0,0.0,0.0,0.0,0.0,0.008,0.0,0.017,0.0,0.95,0.025,0.0
122922,0.056,0.0,0.0,0.007,0.935,0.002,0.0,0.0,0.0,0.016,0.984,0.0,0.0,0.0,0.0,0.004,0.0,0.0,0.218,0.002,0.0,0.0,0.775,0.0,0.0
122923,0.07,0.0,0.0,0.0,0.683,0.231,0.016,0.0,0.0,0.091,0.898,0.005,0.0,0.005,0.0,0.0,0.0,0.011,0.07,0.0,0.0,0.0,0.914,0.005,0.0
122924,0.159,0.008,0.018,0.01,0.717,0.086,0.0,0.003,0.0,0.344,0.645,0.003,0.0,0.008,0.0,0.0,0.0,0.002,0.067,0.006,0.0,0.0,0.916,0.01,0.0
122925,0.135,0.0,0.007,0.0,0.837,0.018,0.002,0.0,0.0,0.113,0.887,0.0,0.0,0.0,0.0,0.0,0.0,0.0,0.002,0.0,0.0,0.0,0.998,0.0,0.0
122926,0.036,0.0,0.0,0.002,0.941,0.015,0.0,0.002,0.004,0.385,0.615,0.0,0.0,0.0,0.0,0.0,0.0,0.0,0.023,0.476,0.0,0.0,0.495,0.004,0.002
143709,0.402,0.0,0.578,0.008,0.012,0.0,0.0,0.0,0.0,0.004,0.992,0.0,0.0,0.004,0.0,0.0,0.0,0.0,0.0,0.0,0.032,0.056,0.912,0.0,0.0
122929,0.016,0.0,0.0,0.0,0.984,0.0,0.0,0.0,0.0,0.32,0.68,0.0,0.0,0.0,0.0,0.0,0.0,0.0,0.0,0.0,0.0,0.0,1.0,0.0,0.0
122932,0.043,0.0,0.018,0.025,0.914,0.0,0.0,0.0,0.0,0.335,0.665,0.0,0.0,0.0,0.0,0.0,0.0,0.0,0.0,0.0,0.0,0.0,0.932,0.068,0.0
122933,0.043,0.0,0.016,0.027,0.896,0.014,0.002,0.0,0.002,0.33,0.665,0.002,0.0,0.002,0.0,0.0,0.0,0.002,0.054,0.014,0.0,0.0,0.928,0.002,0.0
122935,0.011,0.0,0.0,0.022,0.963,0.0,0.0,0.0,0.004,0.346,0.654,0.0,0.0,0.0,0.0,0.0,0.0,0.0,0.0,0.0,0.0,0.0,0.974,0.026,0.0
122936,0.103,0.007,0.0,0.014,0.869,0.007,0.0,0.0,0.0,0.255,0.738,0.007,0.0,0.0,0.0,0.0,0.0,0.0,0.014,0.0,0.0,0.0,0.966,0.021,0.0
122938,0.032,0.0,0.0,0.023,0.936,0.005,0.0,0.005,0.0,0.391,0.605,0.0,0.0,0.0,0.005,0.0,0.0,0.0,0.532,0.005,0.0,0.0,0.464,0.0,0.0
143711,0.431,0.0,0.143,0.032,0.012,0.376,0.0,0.006,0.0,0.359,0.641,0.0,0.0,0.0,0.0,0.0,0.0,0.003,0.073,0.003,0.006,0.003,0.91,0.003,0.0
122942,0.005,0.0,0.0,0.026,0.844,0.125,0.0,0.0,0.0,0.479,0.505,0.0,0.01,0.005,0.0,0.0,0.0,0.0,0.109,0.005,0.0,0.0,0.885,0.0,0.0
122944,0.045,0.0,0.0,0.019,0.907,0.019,0.007,0.0,0.004,0.465,0.535,0.0,0.0,0.0,0.0,0.0,0.0,0.0,0.004,0.004,0.0,0.0,0.985,0.007,0.0
143712,0.232,0.004,0.091,0.055,0.012,0.588,0.01,0.003,0.004,0.306,0.69,0.0,0.001,0.0,0.003,0.0,0.002,0.0,0.004,0.007,0.002,0.005,0.963,0.017,0.0
122946,0.056,0.0,0.0,0.017,0.919,0.009,0.0,0.0,0.0,0.073,0.927,0.0,0.0,0.0,0.0,0.0,0.0,0.0,0.0,0.406,0.0,0.0,0.585,0.009,0.0
122947,0.113,0.0,0.024,0.024,0.837,0.0,0.0,0.0,0.003,0.312,0.685,0.003,0.0,0.0,0.0,0.0,0.0,0.0,0.003,0.066,0.0,0.0,0.874,0.058,0.0
122948,0.075,0.0,0.086,0.006,0.825,0.008,0.0,0.0,0.0,0.661,0.331,0.008,0.0,0.0,0.0,0.0,0.0,0.0,0.014,0.394,0.0,0.0,0.367,0.225,0.0
122951,0.048,0.0,0.018,0.012,0.905,0.006,0.006,0.0,0.006,0.179,0.821,0.0,0.0,0.0,0.0,0.024,0.0,0.0,0.363,0.0,0.0,0.0,0.607,0.006,0.0
122952,0.038,0.005,0.0,0.019,0.938,0.0,0.0,0.0,0.0,0.192,0.803,0.0,0.0,0.005,0.0,0.0,0.0,0.0,0.014,0.0,0.005,0.0,0.981,0.0,0.0
122953,0.0,0.0,0.0,0.0,1.0,0.0,0.0,0.0,0.0,0.207,0.793,0.0,0.0,0.0,0.0,0.0,0.0,0.0,0.0,0.0,0.0,0.0,0.94,0.06,0.0
122954,0.194,0.006,0.006,0.024,0.612,0.121,0.006,0.018,0.012,0.079,0.921,0.0,0.0,0.0,0.0,0.0,0.0,0.0,0.0,0.0,0.0,0.0,0.97,0.03,0.0
122955,0.179,0.001,0.016,0.027,0.739,0.036,0.001,0.001,0.0,0.387,0.601,0.002,0.009,0.0,0.001,0.001,0.0,0.0,0.217,0.011,0.003,0.0,0.722,0.043,0.002
122956,0.026,0.004,0.015,0.022,0.897,0.033,0.0,0.004,0.0,0.638,0.362,0.0,0.0,0.0,0.0,0.0,0.0,0.0,0.0,0.015,0.0,0.0,0.854,0.131,0.0
143714,0.351,0.003,0.113,0.051,0.022,0.437,0.004,0.008,0.01,0.197,0.788,0.007,0.0,0.006,0.001,0.002,0.001,0.0,0.02,0.009,0.003,0.02,0.944,0.001,0.0
122958,0.02,0.0,0.0,0.006,0.973,0.0,0.0,0.002,0.0,0.088,0.902,0.008,0.002,0.0,0.0,0.0,0.0,0.0,0.112,0.207,0.0,0.0,0.673,0.008,0.0
122959,0.022,0.0,0.0,0.0,0.978,0.0,0.0,0.0,0.0,0.196,0.804,0.0,0.0,0.0,0.0,0.0,0.007,0.0,0.0,0.0,0.0,0.0,0.986,0.007,0.0
122960,0.127,0.0,0.017,0.004,0.771,0.068,0.004,0.008,0.0,0.208,0.775,0.004,0.0,0.013,0.0,0.013,0.0,0.0,0.0,0.004,0.0,0.0,0.979,0.004,0.0
122961,0.029,0.006,0.002,0.058,0.849,0.05,0.0,0.006,0.0,0.409,0.591,0.0,0.0,0.0,0.0,0.0,0.0,0.0,0.272,0.002,0.0,0.0,0.712,0.014,0.0
122962,0.182,0.015,0.053,0.028,0.712,0.007,0.0,0.004,0.0,0.439,0.451,0.004,0.0,0.0,0.106,0.152,0.0,0.0,0.064,0.018,0.002,0.0,0.587,0.176,0.0
143715,0.093,0.0,0.006,0.185,0.0,0.716,0.0,0.0,0.0,0.506,0.494,0.0,0.0,0.0,0.0,0.0,0.0,0.0,0.062,0.093,0.0,0.037,0.809,0.0,0.0
122966,0.066,0.0,0.001,0.006,0.925,0.001,0.0,0.0,0.0,0.183,0.815,0.001,0.0,0.0,0.0,0.0,0.0,0.0,0.176,0.004,0.001,0.0,0.814,0.005,0.0
122967,0.09,0.005,0.002,0.015,0.828,0.06,0.0,0.0,0.0,0.112,0.888,0.0,0.0,0.0,0.0,0.002,0.0,0.0,0.124,0.055,0.0,0.0,0.815,0.004,0.0
122968,0.038,0.0,0.004,0.015,0.935,0.008,0.0,0.0,0.0,0.678,0.314,0.0,0.004,0.0,0.004,0.0,0.0,0.0,0.004,0.0,0.011,0.0,0.969,0.015,0.0
143716,0.225,0.039,0.315,0.051,0.0,0.371,0.0,0.0,0.0,0.051,0.944,0.0,0.006,0.0,0.0,0.0,0.0,0.006,0.011,0.0,0.0,0.0,0.983,0.0,0.0
143691,0.231,0.004,0.139,0.11,0.004,0.505,0.0,0.007,0.0,0.238,0.758,0.004,0.0,0.0,0.0,0.0,0.0,0.0,0.425,0.264,0.004,0.088,0.216,0.004,0.0
122971,0.017,0.0,0.008,0.025,0.95,0.0,0.0,0.0,0.0,0.278,0.722,0.0,0.0,0.0,0.0,0.0,0.0,0.0,0.216,0.008,0.004,0.0,0.739,0.033,0.0
122974,0.025,0.006,0.0,0.0,0.969,0.0,0.0,0.0,0.0,0.896,0.104,0.0,0.0,0.0,0.0,0.0,0.0,0.0,0.067,0.006,0.0,0.0,0.859,0.067,0.0
122976,0.011,0.0,0.011,0.013,0.887,0.073,0.002,0.002,0.0,0.451,0.542,0.004,0.0,0.0,0.002,0.0,0.0,0.0,0.016,0.007,0.002,0.0,0.956,0.02,0.0
122977,0.02,0.002,0.0,0.017,0.862,0.094,0.002,0.0,0.003,0.834,0.166,0.0,0.0,0.0,0.0,0.0,0.0,0.0,0.072,0.034,0.0,0.002,0.849,0.042,0.002
122979,0.005,0.0,0.005,0.016,0.866,0.103,0.001,0.005,0.0,0.53,0.411,0.002,0.043,0.009,0.005,0.0,0.0,0.0,0.181,0.012,0.002,0.0,0.69,0.114,0.0
122980,0.031,0.0,0.066,0.036,0.857,0.0,0.0,0.005,0.005,0.653,0.347,0.0,0.0,0.0,0.0,0.0,0.0,0.0,0.148,0.194,0.0,0.0,0.612,0.046,0.0
143718,0.342,0.0,0.0,0.04,0.0,0.597,0.0,0.02,0.0,0.027,0.966,0.007,0.0,0.0,0.0,0.0,0.0,0.0,0.013,0.074,0.007,0.007,0.899,0.0,0.0
122984,0.091,0.021,0.0,0.018,0.83,0.041,0.0,0.0,0.0,0.595,0.405,0.0,0.0,0.0,0.0,0.0,0.0,0.0,0.425,0.003,0.0,0.0,0.545,0.026,0.0
122985,0.045,0.0,0.006,0.022,0.911,0.011,0.006,0.0,0.0,0.659,0.33,0.011,0.0,0.0,0.0,0.0,0.0,0.0,0.704,0.011,0.0,0.0,0.279,0.006,0.0
122986,0.011,0.0,0.0,0.034,0.955,0.0,0.0,0.0,0.0,0.642,0.347,0.0,0.006,0.006,0.0,0.0,0.0,0.0,0.023,0.006,0.0,0.0,0.92,0.051,0.0
122987,0.031,0.005,0.0,0.067,0.756,0.083,0.052,0.0,0.005,0.896,0.098,0.005,0.0,0.0,0.0,0.0,0.0,0.0,0.01,0.005,0.005,0.0,0.979,0.0,0.0
122991,0.077,0.0,0.0,0.009,0.915,0.0,0.0,0.0,0.0,0.613,0.387,0.0,0.0,0.0,0.0,0.009,0.0,0.0,0.332,0.043,0.017,0.0,0.523,0.077,0.0
143720,0.191,0.0,0.118,0.02,0.105,0.566,0.0,0.0,0.0,0.178,0.822,0.0,0.0,0.0,0.0,0.0,0.0,0.0,0.0,0.0,0.0,0.0,1.0,0.0,0.0
143760,0.444,0.003,0.132,0.019,0.089,0.307,0.0,0.005,0.001,0.234,0.761,0.005,0.0,0.0,0.0,0.0,0.003,0.003,0.012,0.004,0.011,0.078,0.886,0.004,0.0
122995,0.038,0.006,0.013,0.013,0.931,0.0,0.0,0.0,0.0,0.258,0.742,0.0,0.0,0.0,0.0,0.0,0.0,0.0,0.214,0.0,0.0,0.0,0.723,0.063,0.0
122996,0.048,0.0,0.0,0.149,0.667,0.131,0.0,0.006,0.0,0.78,0.179,0.03,0.0,0.006,0.006,0.435,0.0,0.0,0.524,0.024,0.0,0.0,0.018,0.0,0.0
122997,0.029,0.0,0.127,0.019,0.638,0.18,0.001,0.001,0.006,0.819,0.177,0.0,0.0,0.0,0.004,0.001,0.0,0.0,0.177,0.007,0.004,0.0,0.783,0.027,0.0
122998,0.059,0.004,0.128,0.041,0.692,0.065,0.002,0.005,0.005,0.78,0.172,0.047,0.0,0.001,0.0,0.005,0.004,0.0,0.147,0.091,0.005,0.001,0.579,0.168,0.001
123000,0.057,0.0,0.043,0.024,0.853,0.024,0.0,0.0,0.0,0.451,0.549,0.0,0.0,0.0,0.0,0.0,0.0,0.0,0.0,0.0,0.0,0.0,0.945,0.055,0.0
123001,0.082,0.0,0.003,0.018,0.798,0.083,0.0,0.013,0.003,0.346,0.606,0.002,0.002,0.0,0.045,0.0,0.0,0.003,0.011,0.006,0.008,0.0,0.954,0.018,0.0
123002,0.015,0.003,0.0,0.006,0.973,0.003,0.0,0.0,0.0,0.604,0.384,0.0,0.006,0.006,0.0,0.0,0.0,0.0,0.101,0.006,0.003,0.0,0.866,0.024,0.0
123003,0.044,0.001,0.017,0.01,0.919,0.003,0.005,0.001,0.0,0.22,0.779,0.001,0.0,0.0,0.0,0.008,0.0,0.0,0.133,0.013,0.001,0.001,0.818,0.026,0.0
123004,0.026,0.005,0.011,0.005,0.942,0.011,0.0,0.0,0.0,0.259,0.741,0.0,0.0,0.0,0.0,0.0,0.0,0.0,0.0,0.0,0.0,0.0,0.974,0.026,0.0
123006,0.152,0.004,0.0,0.019,0.665,0.16,0.0,0.0,0.0,0.16,0.837,0.004,0.0,0.0,0.0,0.0,0.0,0.0,0.426,0.0,0.0,0.0,0.559,0.015,0.0
123010,0.082,0.0,0.006,0.012,0.9,0.0,0.0,0.0,0.0,0.524,0.476,0.0,0.0,0.0,0.0,0.0,0.0,0.0,0.006,0.0,0.0,0.0,0.994,0.0,0.0
123011,0.062,0.0,0.014,0.0,0.917,0.007,0.0,0.0,0.0,0.559,0.441,0.0,0.0,0.0,0.0,0.0,0.0,0.0,0.014,0.0,0.0,0.0,0.986,0.0,0.0
123013,0.026,0.0,0.006,0.009,0.635,0.322,0.0,0.003,0.0,0.313,0.687,0.0,0.0,0.0,0.0,0.0,0.0,0.0,0.015,0.0,0.009,0.0,0.977,0.0,0.0
123015,0.095,0.0,0.0,0.012,0.881,0.01,0.0,0.0,0.002,0.399,0.596,0.002,0.0,0.002,0.0,0.01,0.0,0.007,0.005,0.024,0.005,0.0,0.915,0.034,0.0
123016,0.024,0.0,0.006,0.041,0.917,0.006,0.0,0.0,0.006,0.42,0.574,0.006,0.0,0.0,0.0,0.0,0.0,0.0,0.45,0.0,0.0,0.0,0.55,0.0,0.0
123017,0.058,0.003,0.011,0.008,0.875,0.044,0.0,0.002,0.0,0.405,0.594,0.002,0.0,0.0,0.0,0.002,0.0,0.0,0.032,0.0,0.003,0.0,0.945,0.018,0.0
123018,0.094,0.009,0.0,0.0,0.855,0.038,0.004,0.0,0.0,0.654,0.346,0.0,0.0,0.0,0.0,0.0,0.0,0.0,0.017,0.0,0.004,0.0,0.979,0.0,0.0
143726,0.38,0.005,0.205,0.022,0.167,0.205,0.013,0.003,0.0,0.108,0.887,0.003,0.0,0.0,0.003,0.0,0.0,0.0,0.005,0.003,0.011,0.035,0.943,0.003,0.0
143728,0.126,0.0,0.494,0.017,0.006,0.348,0.003,0.006,0.0,0.112,0.697,0.003,0.008,0.014,0.166,0.003,0.0,0.0,0.0,0.014,0.008,0.02,0.955,0.0,0.0
143731,0.294,0.011,0.217,0.063,0.048,0.343,0.001,0.016,0.005,0.312,0.684,0.003,0.001,0.001,0.0,0.001,0.002,0.001,0.014,0.012,0.003,0.013,0.948,0.004,0.002
143561,0.115,0.006,0.006,0.059,0.006,0.803,0.0,0.003,0.003,0.374,0.609,0.0,0.0,0.009,0.009,0.0,0.0,0.0,0.012,0.003,0.009,0.0,0.976,0.0,0.0
143562,0.049,0.0,0.301,0.085,0.003,0.557,0.0,0.005,0.0,0.78,0.212,0.0,0.0,0.003,0.005,0.085,0.0,0.003,0.01,0.0,0.003,0.0,0.87,0.028,0.0
143563,0.057,0.0,0.295,0.025,0.0,0.615,0.0,0.008,0.0,0.415,0.585,0.0,0.0,0.0,0.0,0.0,0.0,0.0,0.0,0.005,0.005,0.0,0.984,0.005,0.0
143566,0.325,0.005,0.397,0.024,0.005,0.196,0.029,0.005,0.014,0.196,0.794,0.01,0.0,0.0,0.0,0.0,0.0,0.0,0.024,0.0,0.0,0.01,0.962,0.005,0.0
143567,0.131,0.0,0.006,0.034,0.0,0.83,0.0,0.0,0.0,0.165,0.835,0.0,0.0,0.0,0.0,0.0,0.0,0.0,0.0,0.0,0.006,0.0,0.994,0.0,0.0
143569,0.062,0.01,0.732,0.01,0.005,0.18,0.0,0.0,0.0,0.155,0.845,0.0,0.0,0.0,0.0,0.0,0.0,0.0,0.0,0.0,0.005,0.021,0.974,0.0,0.0
143570,0.115,0.0,0.668,0.063,0.008,0.13,0.016,0.0,0.0,0.119,0.881,0.0,0.0,0.0,0.0,0.0,0.0,0.0,0.0,0.0,0.012,0.087,0.901,0.0,0.0
143571,0.104,0.0,0.087,0.0,0.016,0.792,0.0,0.0,0.0,0.262,0.738,0.0,0.0,0.0,0.0,0.0,0.0,0.0,0.0,0.0,0.0,0.027,0.94,0.033,0.0
143574,0.243,0.0,0.388,0.054,0.003,0.288,0.003,0.022,0.0,0.127,0.863,0.0,0.0,0.0,0.011,0.0,0.003,0.013,0.0,0.003,0.003,0.016,0.96,0.003,0.0
143576,0.218,0.002,0.186,0.008,0.012,0.565,0.004,0.006,0.0,0.074,0.922,0.002,0.0,0.002,0.0,0.0,0.0,0.002,0.002,0.0,0.006,0.01,0.98,0.0,0.0
143577,0.143,0.0,0.464,0.036,0.0,0.352,0.005,0.0,0.0,0.143,0.857,0.0,0.0,0.0,0.0,0.0,0.0,0.015,0.005,0.005,0.005,0.133,0.827,0.01,0.0
143580,0.295,0.003,0.148,0.011,0.186,0.298,0.003,0.057,0.0,0.128,0.869,0.0,0.0,0.003,0.0,0.0,0.0,0.0,0.016,0.014,0.016,0.071,0.883,0.0,0.0
143581,0.24,0.0,0.018,0.0,0.0,0.729,0.0,0.013,0.0,0.133,0.862,0.0,0.0,0.0,0.004,0.0,0.0,0.0,0.0,0.0,0.0,0.084,0.916,0.0,0.0
143584,0.164,0.0,0.178,0.099,0.017,0.535,0.0,0.002,0.005,0.378,0.619,0.002,0.0,0.0,0.0,0.0,0.0,0.0,0.005,0.019,0.005,0.014,0.957,0.0,0.0
143586,0.075,0.0,0.61,0.016,0.032,0.257,0.005,0.005,0.0,0.545,0.444,0.005,0.0,0.005,0.0,0.0,0.0,0.0,0.0,0.027,0.0,0.005,0.968,0.0,0.0
143587,0.184,0.0,0.01,0.003,0.026,0.761,0.0,0.013,0.003,0.354,0.42,0.0,0.0,0.003,0.223,0.0,0.0,0.0,0.085,0.016,0.0,0.003,0.895,0.0,0.0
143588,0.16,0.0,0.318,0.009,0.011,0.481,0.0,0.007,0.013,0.537,0.437,0.0,0.0,0.027,0.0,0.02,0.0,0.007,0.013,0.033,0.0,0.0,0.927,0.0,0.0
143590,0.19,0.005,0.0,0.038,0.09,0.659,0.0,0.019,0.0,0.095,0.905,0.0,0.0,0.0,0.0,0.0,0.0,0.0,0.005,0.0,0.0,0.019,0.976,0.0,0.0
143591,0.213,0.005,0.162,0.029,0.011,0.574,0.0,0.004,0.002,0.288,0.692,0.0,0.015,0.005,0.0,0.0,0.0,0.0,0.011,0.004,0.007,0.011,0.967,0.0,0.0
143594,0.322,0.005,0.256,0.023,0.066,0.317,0.0,0.002,0.009,0.462,0.538,0.0,0.0,0.0,0.0,0.0,0.0,0.002,0.068,0.0,0.0,0.033,0.89,0.007,0.0
143595,0.228,0.002,0.313,0.052,0.006,0.397,0.0,0.0,0.002,0.382,0.614,0.0,0.0,0.002,0.002,0.0,0.0,0.0,0.007,0.011,0.002,0.015,0.963,0.002,0.0
143596,0.007,0.0,0.0,0.0,0.0,0.993,0.0,0.0,0.0,0.596,0.404,0.0,0.0,0.0,0.0,0.007,0.0,0.0,0.0,0.0,0.0,0.044,0.941,0.007,0.0
143597,0.182,0.007,0.126,0.049,0.009,0.617,0.0,0.005,0.005,0.407,0.586,0.0,0.0,0.0,0.007,0.0,0.002,0.0,0.222,0.037,0.005,0.014,0.715,0.005,0.0
143598,0.146,0.007,0.105,0.03,0.002,0.704,0.0,0.004,0.002,0.375,0.61,0.0,0.002,0.013,0.0,0.0,0.002,0.0,0.022,0.004,0.002,0.004,0.965,0.002,0.0
143600,0.154,0.0,0.395,0.081,0.018,0.338,0.0,0.013,0.0,0.249,0.743,0.0,0.0,0.003,0.005,0.0,0.0,0.0,0.0,0.01,0.037,0.029,0.924,0.0,0.0
143603,0.185,0.003,0.348,0.026,0.054,0.371,0.003,0.01,0.0,0.355,0.629,0.003,0.0,0.013,0.0,0.0,0.003,0.003,0.387,0.259,0.006,0.051,0.284,0.0,0.006
143605,0.354,0.008,0.244,0.024,0.004,0.366,0.0,0.0,0.0,0.232,0.764,0.004,0.0,0.0,0.0,0.004,0.008,0.0,0.224,0.004,0.004,0.016,0.74,0.0,0.0
143606,0.251,0.008,0.291,0.069,0.003,0.363,0.016,0.0,0.0,0.115,0.883,0.0,0.0,0.0,0.003,0.0,0.013,0.005,0.024,0.067,0.003,0.0,0.885,0.003,0.0
143607,0.18,0.006,0.286,0.043,0.026,0.457,0.0,0.003,0.0,0.194,0.806,0.0,0.0,0.0,0.0,0.0,0.003,0.0,0.209,0.003,0.0,0.026,0.751,0.009,0.0
143608,0.153,0.0,0.815,0.009,0.0,0.023,0.0,0.0,0.0,0.843,0.157,0.0,0.0,0.0,0.0,0.0,0.0,0.005,0.843,0.0,0.0,0.0,0.153,0.0,0.0
143609,0.35,0.013,0.484,0.036,0.0,0.103,0.009,0.004,0.0,0.112,0.888,0.0,0.0,0.0,0.0,0.0,0.004,0.0,0.009,0.013,0.072,0.063,0.839,0.0,0.0
143610,0.41,0.0,0.273,0.048,0.02,0.213,0.0,0.028,0.008,0.076,0.912,0.008,0.0,0.004,0.0,0.0,0.004,0.004,0.008,0.0,0.016,0.048,0.912,0.008,0.0
143611,0.504,0.017,0.305,0.034,0.008,0.131,0.0,0.0,0.0,0.106,0.886,0.0,0.0,0.0,0.008,0.0,0.004,0.0,0.453,0.004,0.004,0.14,0.386,0.008,0.0
143612,0.342,0.0,0.33,0.036,0.018,0.265,0.0,0.007,0.002,0.138,0.818,0.0,0.022,0.0,0.023,0.0,0.0,0.0,0.146,0.007,0.002,0.008,0.836,0.002,0.0
143615,0.349,0.008,0.234,0.038,0.023,0.309,0.0,0.017,0.023,0.159,0.833,0.006,0.0,0.002,0.0,0.0,0.002,0.002,0.008,0.054,0.002,0.006,0.925,0.0,0.0
143616,0.316,0.0,0.669,0.015,0.0,0.0,0.0,0.0,0.0,0.272,0.728,0.0,0.0,0.0,0.0,0.0,0.0,0.0,0.029,0.0,0.0,0.0,0.963,0.007,0.0
143617,0.398,0.008,0.364,0.053,0.023,0.091,0.004,0.045,0.015,0.182,0.818,0.0,0.0,0.0,0.0,0.0,0.0,0.0,0.0,0.004,0.0,0.0,0.992,0.004,0.0
143621,0.062,0.0,0.0,0.0,0.021,0.907,0.0,0.01,0.0,1.0,0.0,0.0,0.0,0.0,0.0,0.0,0.0,0.0,0.0,0.0,0.0,0.0,1.0,0.0,0.0
143622,0.137,0.003,0.368,0.006,0.0,0.461,0.0,0.009,0.016,0.037,0.956,0.006,0.0,0.0,0.0,0.0,0.003,0.0,0.009,0.009,0.012,0.003,0.963,0.0,0.0
143623,0.17,0.0,0.0,0.009,0.821,0.0,0.0,0.0,0.0,0.142,0.858,0.0,0.0,0.0,0.0,0.0,0.0,0.0,0.0,0.028,0.0,0.0,0.962,0.009,0.0
143624,0.139,0.012,0.671,0.006,0.0,0.162,0.006,0.0,0.006,0.185,0.815,0.0,0.0,0.0,0.0,0.0,0.0,0.0,0.012,0.0,0.006,0.0,0.983,0.0,0.0
143625,0.101,0.003,0.259,0.04,0.003,0.589,0.0,0.003,0.0,0.266,0.731,0.003,0.0,0.0,0.0,0.0,0.0,0.0,0.027,0.003,0.0,0.017,0.949,0.003,0.0
143626,0.201,0.015,0.139,0.01,0.0,0.613,0.0,0.005,0.015,0.247,0.747,0.0,0.0,0.005,0.0,0.0,0.0,0.0,0.005,0.0,0.005,0.0,0.99,0.0,0.0
143627,0.117,0.029,0.214,0.019,0.155,0.461,0.0,0.0,0.005,0.286,0.714,0.0,0.0,0.0,0.0,0.005,0.058,0.0,0.476,0.005,0.019,0.083,0.354,0.0,0.0
143628,0.294,0.0,0.318,0.017,0.027,0.321,0.007,0.014,0.003,0.351,0.649,0.0,0.0,0.0,0.0,0.003,0.0,0.0,0.226,0.243,0.017,0.051,0.459,0.0,0.0
143746,0.415,0.015,0.206,0.054,0.094,0.208,0.0,0.009,0.0,0.021,0.964,0.015,0.0,0.0,0.0,0.0,0.0,0.0,0.169,0.015,0.026,0.021,0.767,0.002,0.0
143630,0.297,0.0,0.478,0.02,0.024,0.157,0.004,0.02,0.0,0.249,0.751,0.0,0.0,0.0,0.0,0.0,0.0,0.0,0.004,0.341,0.028,0.052,0.574,0.0,0.0
143631,0.122,0.0,0.522,0.0,0.2,0.148,0.009,0.0,0.0,0.087,0.913,0.0,0.0,0.0,0.0,0.0,0.0,0.0,0.2,0.009,0.0,0.009,0.783,0.0,0.0
143632,0.175,0.061,0.215,0.149,0.004,0.39,0.0,0.0,0.004,0.561,0.425,0.0,0.004,0.009,0.0,0.0,0.0,0.0,0.224,0.0,0.004,0.057,0.715,0.0,0.0
143633,0.258,0.004,0.624,0.022,0.012,0.074,0.0,0.004,0.002,0.076,0.924,0.0,0.0,0.0,0.0,0.0,0.0,0.001,0.015,0.284,0.002,0.014,0.684,0.0,0.0
143635,0.247,0.003,0.256,0.023,0.003,0.461,0.007,0.0,0.0,0.134,0.863,0.001,0.0,0.0,0.001,0.003,0.006,0.004,0.034,0.028,0.003,0.034,0.887,0.001,0.0
143637,0.113,0.0,0.0,0.017,0.0,0.87,0.0,0.0,0.0,0.2,0.8,0.0,0.0,0.0,0.0,0.0,0.0,0.0,0.017,0.0,0.0,0.0,0.983,0.0,0.0
143638,0.318,0.028,0.196,0.037,0.187,0.196,0.019,0.019,0.0,0.252,0.748,0.0,0.0,0.0,0.0,0.0,0.0,0.0,0.0,0.0,0.009,0.0,0.991,0.0,0.0
143639,0.163,0.0,0.355,0.0,0.0,0.482,0.0,0.0,0.0,0.362,0.638,0.0,0.0,0.0,0.0,0.0,0.0,0.0,0.007,0.0,0.014,0.0,0.901,0.078,0.0
143748,0.538,0.012,0.309,0.016,0.004,0.116,0.004,0.0,0.0,0.261,0.739,0.0,0.0,0.0,0.0,0.0,0.008,0.008,0.004,0.0,0.008,0.0,0.972,0.0,0.0
143643,0.152,0.0,0.549,0.0,0.0,0.268,0.0,0.024,0.006,0.024,0.976,0.0,0.0,0.0,0.0,0.012,0.0,0.0,0.0,0.012,0.0,0.0,0.976,0.0,0.0
143645,0.196,0.004,0.373,0.018,0.015,0.39,0.0,0.0,0.003,0.292,0.703,0.0,0.001,0.001,0.001,0.0,0.0,0.0,0.207,0.162,0.003,0.03,0.594,0.004,0.0
143646,0.167,0.0,0.337,0.041,0.026,0.42,0.005,0.002,0.002,0.303,0.697,0.0,0.0,0.0,0.0,0.0,0.002,0.0,0.005,0.184,0.002,0.057,0.749,0.0,0.0
143647,0.106,0.0,0.405,0.009,0.0,0.476,0.0,0.0,0.004,0.216,0.753,0.0,0.004,0.026,0.0,0.0,0.0,0.0,0.004,0.018,0.004,0.022,0.947,0.0,0.004
143648,0.15,0.0,0.393,0.023,0.015,0.418,0.0,0.001,0.001,0.317,0.68,0.002,0.0,0.001,0.0,0.0,0.004,0.001,0.001,0.002,0.003,0.016,0.964,0.01,0.0
143649,0.204,0.003,0.29,0.012,0.046,0.437,0.0,0.005,0.003,0.297,0.686,0.013,0.002,0.0,0.002,0.0,0.0,0.0,0.003,0.017,0.017,0.029,0.934,0.0,0.0
143651,0.339,0.004,0.366,0.04,0.018,0.233,0.0,0.0,0.0,0.088,0.912,0.0,0.0,0.0,0.0,0.0,0.0,0.0,0.009,0.0,0.0,0.004,0.987,0.0,0.0
143652,0.083,0.0,0.345,0.002,0.02,0.512,0.011,0.022,0.004,0.253,0.745,0.002,0.0,0.0,0.0,0.009,0.004,0.0,0.215,0.0,0.002,0.034,0.729,0.002,0.004
143654,0.333,0.009,0.381,0.036,0.012,0.125,0.003,0.024,0.077,0.286,0.702,0.009,0.003,0.0,0.0,0.003,0.012,0.003,0.443,0.098,0.045,0.062,0.327,0.003,0.003
143655,0.434,0.0,0.536,0.006,0.006,0.012,0.006,0.0,0.0,0.12,0.88,0.0,0.0,0.0,0.0,0.0,0.0,0.0,0.343,0.018,0.0,0.012,0.627,0.0,0.0
143656,0.212,0.003,0.378,0.078,0.005,0.314,0.003,0.003,0.005,0.284,0.697,0.005,0.013,0.0,0.0,0.005,0.003,0.0,0.054,0.024,0.011,0.056,0.847,0.0,0.0
143657,0.224,0.008,0.432,0.064,0.0,0.248,0.0,0.016,0.008,0.16,0.84,0.0,0.0,0.0,0.0,0.144,0.0,0.0,0.0,0.016,0.016,0.032,0.792,0.0,0.0
143660,0.196,0.0,0.431,0.01,0.045,0.084,0.0,0.228,0.006,0.164,0.83,0.006,0.0,0.0,0.0,0.0,0.0,0.0,0.039,0.0,0.0,0.006,0.955,0.0,0.0
143661,0.35,0.0,0.205,0.168,0.0,0.268,0.005,0.005,0.0,0.014,0.986,0.0,0.0,0.0,0.0,0.0,0.0,0.0,0.036,0.0,0.0,0.018,0.945,0.0,0.0
143664,0.247,0.0,0.373,0.008,0.008,0.353,0.0,0.004,0.008,0.004,0.996,0.0,0.0,0.0,0.0,0.0,0.0,0.0,0.071,0.678,0.008,0.078,0.165,0.0,0.0
143665,0.335,0.002,0.463,0.044,0.004,0.145,0.0,0.006,0.0,0.061,0.937,0.0,0.0,0.0,0.002,0.0,0.013,0.004,0.078,0.002,0.015,0.111,0.778,0.0,0.0
143667,0.278,0.009,0.325,0.02,0.195,0.163,0.002,0.0,0.009,0.163,0.837,0.0,0.0,0.0,0.0,0.0,0.0,0.0,0.213,0.02,0.004,0.091,0.672,0.0,0.0
143669,0.325,0.0,0.4,0.056,0.025,0.175,0.0,0.019,0.0,0.35,0.6,0.05,0.0,0.0,0.0,0.0,0.0,0.0,0.031,0.425,0.044,0.112,0.388,0.0,0.0
143670,0.365,0.003,0.474,0.016,0.0,0.128,0.0,0.011,0.003,0.139,0.839,0.016,0.003,0.0,0.003,0.003,0.005,0.008,0.011,0.003,0.003,0.087,0.869,0.011,0.0
143671,0.267,0.003,0.09,0.035,0.037,0.556,0.0,0.007,0.005,0.282,0.71,0.0,0.008,0.0,0.0,0.0,0.0,0.0,0.08,0.162,0.002,0.008,0.735,0.012,0.0
178488,0.226,0.002,0.087,0.009,0.007,0.617,0.0,0.029,0.022,0.132,0.868,0.0,0.0,0.0,0.0,0.007,0.0,0.0,0.302,0.04,0.007,0.002,0.626,0.016,0.0
178489,0.343,0.03,0.0,0.03,0.01,0.576,0.0,0.0,0.01,0.081,0.919,0.0,0.0,0.0,0.0,0.0,0.0,0.0,0.202,0.0,0.0,0.0,0.798,0.0,0.0
178490,0.123,0.0,0.039,0.011,0.003,0.748,0.014,0.062,0.0,0.148,0.852,0.0,0.0,0.0,0.0,0.003,0.0,0.0,0.006,0.003,0.0,0.0,0.989,0.0,0.0
143675,0.263,0.0,0.212,0.034,0.184,0.303,0.0,0.003,0.0,0.105,0.892,0.0,0.0,0.003,0.0,0.0,0.0,0.003,0.04,0.003,0.006,0.023,0.926,0.0,0.0
178492,0.183,0.0,0.0,0.0,0.0,0.807,0.0,0.009,0.0,0.165,0.835,0.0,0.0,0.0,0.0,0.0,0.0,0.0,0.0,0.0,0.0,0.0,1.0,0.0,0.0
143677,0.085,0.0,0.017,0.062,0.006,0.824,0.0,0.006,0.0,0.341,0.653,0.0,0.0,0.0,0.006,0.0,0.0,0.0,0.0,0.0,0.0,0.006,0.989,0.006,0.0
143679,0.211,0.0,0.069,0.118,0.181,0.412,0.0,0.005,0.005,0.304,0.284,0.0,0.0,0.005,0.407,0.0,0.005,0.0,0.0,0.015,0.088,0.093,0.784,0.015,0.0
178496,0.412,0.0,0.125,0.006,0.01,0.431,0.0,0.013,0.003,0.093,0.907,0.0,0.0,0.0,0.0,0.0,0.006,0.0,0.595,0.016,0.003,0.0,0.379,0.0,0.0
143681,0.26,0.002,0.154,0.041,0.003,0.457,0.043,0.037,0.005,0.151,0.849,0.0,0.0,0.0,0.0,0.0,0.0,0.0,0.24,0.002,0.006,0.02,0.731,0.002,0.0
178499,0.121,0.0,0.172,0.052,0.0,0.56,0.009,0.086,0.0,0.259,0.741,0.0,0.0,0.0,0.0,0.0,0.0,0.0,0.009,0.966,0.0,0.0,0.026,0.0,0.0
178500,0.042,0.007,0.021,0.062,0.0,0.785,0.0,0.076,0.007,0.562,0.375,0.0,0.0,0.056,0.007,0.014,0.0,0.0,0.542,0.021,0.0,0.0,0.424,0.0,0.0
178501,0.104,0.0,0.011,0.014,0.007,0.825,0.004,0.032,0.004,0.318,0.682,0.0,0.0,0.0,0.0,0.0,0.0,0.004,0.0,0.0,0.004,0.0,0.971,0.021,0.0
178502,0.144,0.0,0.046,0.0,0.0,0.736,0.0,0.074,0.0,0.403,0.593,0.005,0.0,0.0,0.0,0.0,0.0,0.0,0.454,0.009,0.0,0.0,0.537,0.0,0.0
143687,0.322,0.0,0.0,0.119,0.051,0.5,0.0,0.0,0.008,0.381,0.619,0.0,0.0,0.0,0.0,0.0,0.0,0.0,0.0,0.0,0.0,0.093,0.907,0.0,0.0
178504,0.121,0.0,0.101,0.101,0.0,0.616,0.01,0.051,0.0,0.081,0.919,0.0,0.0,0.0,0.0,0.0,0.0,0.0,0.0,1.0,0.0,0.0,0.0,0.0,0.0
178505,0.137,0.003,0.037,0.016,0.006,0.755,0.003,0.04,0.003,0.295,0.686,0.0,0.012,0.0,0.006,0.022,0.0,0.0,0.45,0.481,0.0,0.0,0.047,0.0,0.0
178506,0.216,0.0,0.0,0.007,0.037,0.724,0.0,0.015,0.0,0.157,0.813,0.022,0.0,0.007,0.0,0.037,0.0,0.0,0.022,0.052,0.0,0.0,0.881,0.0,0.007
178507,0.104,0.009,0.006,0.104,0.106,0.624,0.003,0.038,0.005,0.259,0.738,0.002,0.0,0.0,0.002,0.0,0.0,0.0,0.021,0.011,0.008,0.0,0.961,0.0,0.0
143692,0.311,0.007,0.255,0.118,0.019,0.288,0.0,0.002,0.0,0.186,0.802,0.009,0.002,0.0,0.0,0.0,0.002,0.002,0.052,0.021,0.014,0.035,0.87,0.002,0.0
178509,0.0,0.009,0.0,0.009,0.018,0.965,0.0,0.0,0.0,0.175,0.825,0.0,0.0,0.0,0.0,0.0,0.0,0.0,0.0,0.974,0.0,0.0,0.026,0.0,0.0
143694,0.426,0.016,0.216,0.07,0.076,0.191,0.0,0.002,0.003,0.433,0.561,0.002,0.0,0.005,0.0,0.006,0.0,0.0,0.024,0.008,0.0,0.0,0.901,0.06,0.0
143695,0.509,0.007,0.235,0.075,0.006,0.146,0.007,0.007,0.009,0.282,0.713,0.001,0.0,0.0,0.003,0.0,0.0,0.0,0.004,0.013,0.006,0.0,0.973,0.004,0.0
178513,0.312,0.028,0.028,0.521,0.021,0.007,0.0,0.076,0.007,0.146,0.854,0.0,0.0,0.0,0.0,0.028,0.0,0.0,0.951,0.021,0.0,0.0,0.0,0.0,0.0
143698,0.474,0.0,0.104,0.038,0.009,0.364,0.0,0.002,0.009,0.209,0.783,0.007,0.0,0.0,0.0,0.0,0.0,0.004,0.027,0.024,0.0,0.009,0.916,0.02,0.0
143699,0.51,0.005,0.206,0.014,0.002,0.245,0.002,0.009,0.007,0.109,0.891,0.0,0.0,0.0,0.0,0.0,0.005,0.0,0.009,0.005,0.009,0.0,0.973,0.0,0.0
143700,0.345,0.003,0.257,0.035,0.01,0.34,0.002,0.003,0.004,0.367,0.628,0.005,0.0,0.0,0.0,0.0,0.0,0.0,0.01,0.006,0.004,0.002,0.944,0.035,0.0
178517,0.064,0.007,0.099,0.028,0.007,0.678,0.007,0.11,0.0,0.102,0.855,0.004,0.035,0.0,0.004,0.0,0.0,0.0,0.074,0.039,0.007,0.0,0.88,0.0,0.0
143702,0.366,0.0,0.607,0.022,0.0,0.0,0.005,0.0,0.0,0.164,0.836,0.0,0.0,0.0,0.0,0.0,0.0,0.0,0.011,0.005,0.0,0.0,0.984,0.0,0.0
178519,0.018,0.0,0.053,0.026,0.0,0.842,0.0,0.061,0.0,0.079,0.877,0.044,0.0,0.0,0.0,0.0,0.0,0.0,0.175,0.711,0.0,0.0,0.114,0.0,0.0
143704,0.516,0.004,0.33,0.018,0.01,0.123,0.0,0.0,0.0,0.115,0.883,0.002,0.0,0.0,0.0,0.0,0.0,0.0,0.006,0.194,0.0,0.0,0.8,0.0,0.0
143705,0.447,0.004,0.043,0.051,0.0,0.447,0.0,0.004,0.004,0.292,0.708,0.0,0.0,0.0,0.0,0.0,0.0,0.0,0.012,0.0,0.0,0.0,0.988,0.0,0.0
178522,0.176,0.0,0.028,0.009,0.013,0.73,0.006,0.031,0.006,0.276,0.718,0.0,0.003,0.003,0.0,0.0,0.0,0.0,0.006,0.567,0.0,0.0,0.426,0.0,0.0
143708,0.486,0.0,0.142,0.011,0.0,0.361,0.0,0.0,0.0,0.208,0.792,0.0,0.0,0.0,0.0,0.0,0.0,0.0,0.011,0.0,0.0,0.06,0.929,0.0,0.0
178525,0.13,0.0,0.0,0.006,0.012,0.79,0.0,0.062,0.0,0.235,0.759,0.0,0.006,0.0,0.0,0.0,0.0,0.0,0.006,0.031,0.056,0.0,0.907,0.0,0.0
143710,0.463,0.002,0.127,0.055,0.007,0.325,0.0,0.013,0.009,0.103,0.895,0.002,0.0,0.0,0.0,0.0,0.007,0.004,0.029,0.0,0.009,0.009,0.943,0.0,0.0
178527,0.077,0.006,0.269,0.006,0.013,0.59,0.0,0.032,0.006,0.481,0.519,0.0,0.0,0.0,0.0,0.026,0.0,0.0,0.006,0.0,0.0,0.006,0.962,0.0,0.0
178528,0.111,0.0,0.181,0.014,0.0,0.639,0.0,0.049,0.007,0.424,0.562,0.014,0.0,0.0,0.0,0.0,0.0,0.0,0.0,0.0,0.0,0.007,0.993,0.0,0.0
178529,0.13,0.026,0.0,0.009,0.004,0.805,0.0,0.026,0.0,0.056,0.944,0.0,0.0,0.0,0.0,0.0,0.0,0.0,0.004,0.0,0.0,0.0,0.996,0.0,0.0
178530,0.117,0.013,0.061,0.017,0.0,0.748,0.004,0.039,0.0,0.122,0.865,0.013,0.0,0.0,0.0,0.0,0.0,0.0,0.0,0.022,0.004,0.0,0.974,0.0,0.0
178531,0.249,0.0,0.028,0.006,0.006,0.707,0.0,0.006,0.0,0.039,0.961,0.0,0.0,0.0,0.0,0.011,0.0,0.0,0.022,0.0,0.006,0.006,0.956,0.0,0.0
178532,0.126,0.0,0.068,0.0,0.0,0.699,0.0,0.107,0.0,0.0,1.0,0.0,0.0,0.0,0.0,0.0,0.0,0.0,0.019,0.0,0.019,0.029,0.932,0.0,0.0
143717,0.189,0.0,0.264,0.03,0.024,0.483,0.0,0.0,0.01,0.422,0.527,0.007,0.0,0.0,0.044,0.0,0.0,0.0,0.044,0.0,0.007,0.0,0.949,0.0,0.0
178534,0.172,0.0,0.057,0.021,0.0,0.693,0.0,0.057,0.0,0.229,0.771,0.0,0.0,0.0,0.0,0.0,0.0,0.005,0.01,0.198,0.0,0.0,0.786,0.0,0.0
178536,0.188,0.0,0.0,0.0,0.0,0.8,0.0,0.012,0.0,0.071,0.929,0.0,0.0,0.0,0.0,0.0,0.0,0.0,0.0,0.0,0.006,0.0,0.994,0.0,0.0
178537,0.111,0.0,0.027,0.003,0.0,0.824,0.0,0.034,0.0,0.135,0.865,0.0,0.0,0.0,0.0,0.0,0.0,0.0,0.034,0.733,0.0,0.0,0.233,0.0,0.0
143722,0.262,0.007,0.005,0.102,0.007,0.586,0.0,0.007,0.022,0.067,0.93,0.002,0.0,0.0,0.0,0.0,0.007,0.0,0.0,0.0,0.012,0.0,0.98,0.0,0.0
178539,0.067,0.021,0.0,0.01,0.005,0.892,0.0,0.005,0.0,0.138,0.862,0.0,0.0,0.0,0.0,0.005,0.0,0.0,0.041,0.6,0.01,0.0,0.344,0.0,0.0
178540,0.191,0.0,0.0,0.0,0.0,0.809,0.0,0.0,0.0,0.165,0.835,0.0,0.0,0.0,0.0,0.0,0.0,0.0,0.009,0.0,0.0,0.0,0.974,0.017,0.0
178542,0.087,0.0,0.008,0.024,0.008,0.709,0.0,0.165,0.0,0.291,0.402,0.299,0.0,0.008,0.0,0.0,0.0,0.0,0.126,0.031,0.016,0.0,0.827,0.0,0.0
143727,0.247,0.007,0.223,0.007,0.438,0.075,0.0,0.0,0.003,0.572,0.428,0.0,0.0,0.0,0.0,0.0,0.0,0.0,0.003,0.003,0.0,0.038,0.945,0.01,0.0
178544,0.103,0.0,0.0,0.008,0.0,0.865,0.0,0.016,0.008,0.119,0.873,0.008,0.0,0.0,0.0,0.0,0.0,0.0,0.937,0.016,0.024,0.008,0.016,0.0,0.0
178546,0.124,0.0,0.0,0.0,0.0,0.843,0.0,0.033,0.0,0.041,0.959,0.0,0.0,0.0,0.0,0.0,0.0,0.0,0.079,0.657,0.0,0.0,0.264,0.0,0.0
178547,0.063,0.0,0.0,0.0,0.0,0.811,0.0,0.126,0.0,0.198,0.793,0.009,0.0,0.0,0.0,0.0,0.0,0.0,0.0,0.0,0.0,0.0,1.0,0.0,0.0
178548,0.01,0.0,0.0,0.01,0.0,0.949,0.0,0.03,0.0,0.222,0.778,0.0,0.0,0.0,0.0,0.0,0.0,0.0,0.01,0.02,0.0,0.0,0.97,0.0,0.0
143733,0.198,0.007,0.208,0.046,0.007,0.518,0.01,0.003,0.003,0.465,0.531,0.0,0.003,0.0,0.0,0.0,0.007,0.003,0.007,0.007,0.0,0.0,0.944,0.033,0.0
178550,0.0,0.03,0.0,0.0,0.03,0.929,0.0,0.0,0.01,0.01,0.99,0.0,0.0,0.0,0.0,0.01,0.0,0.01,0.0,0.0,0.0,0.0,0.98,0.0,0.0
178551,0.054,0.0,0.054,0.03,0.024,0.76,0.0,0.072,0.006,0.156,0.826,0.0,0.0,0.018,0.0,0.006,0.0,0.0,0.03,0.964,0.0,0.0,0.0,0.0,0.0
178557,0.071,0.0,0.082,0.0,0.0,0.623,0.005,0.219,0.0,0.29,0.71,0.0,0.0,0.0,0.0,0.0,0.0,0.0,0.0,0.0,0.0,0.0,1.0,0.0,0.0
178558,0.141,0.0,0.0,0.0,0.01,0.737,0.0,0.111,0.0,0.343,0.657,0.0,0.0,0.0,0.0,0.0,0.0,0.0,0.0,0.01,0.02,0.0,0.97,0.0,0.0
178559,0.036,0.0,0.0,0.022,0.0,0.842,0.0,0.079,0.022,0.374,0.619,0.0,0.0,0.007,0.0,0.0,0.0,0.0,0.0,0.043,0.007,0.0,0.95,0.0,0.0
143745,0.218,0.0,0.601,0.006,0.011,0.158,0.006,0.0,0.0,0.302,0.693,0.0,0.003,0.003,0.0,0.0,0.0,0.006,0.006,0.003,0.003,0.023,0.96,0.0,0.0
178562,0.098,0.0,0.069,0.02,0.006,0.741,0.006,0.061,0.0,0.329,0.669,0.0,0.0,0.003,0.0,0.0,0.0,0.003,0.323,0.15,0.012,0.0,0.507,0.006,0.0
178564,0.137,0.0,0.015,0.005,0.0,0.838,0.0,0.005,0.0,0.0,0.99,0.0,0.0,0.01,0.0,0.0,0.0,0.0,0.078,0.015,0.0,0.0,0.907,0.0,0.0
143766,0.555,0.0,0.208,0.006,0.009,0.221,0.0,0.0,0.0,0.199,0.763,0.0,0.032,0.003,0.003,0.0,0.009,0.0,0.009,0.006,0.0,0.0,0.95,0.025,0.0
178566,0.037,0.0,0.018,0.009,0.0,0.872,0.0,0.055,0.009,0.211,0.789,0.0,0.0,0.0,0.0,0.0,0.0,0.0,0.009,0.009,0.018,0.0,0.963,0.0,0.0
143751,0.385,0.0,0.351,0.017,0.014,0.229,0.0,0.0,0.003,0.34,0.653,0.003,0.0,0.003,0.0,0.0,0.0,0.0,0.014,0.003,0.024,0.024,0.931,0.003,0.0
143752,0.437,0.019,0.466,0.01,0.029,0.01,0.0,0.029,0.0,0.0,0.99,0.01,0.0,0.0,0.0,0.0,0.0,0.0,0.0,0.0,0.0,0.0,1.0,0.0,0.0
178569,0.096,0.007,0.022,0.029,0.0,0.757,0.0,0.088,0.0,0.272,0.728,0.0,0.0,0.0,0.0,0.0,0.0,0.0,0.007,0.0,0.0,0.0,0.993,0.0,0.0
143754,0.335,0.007,0.239,0.011,0.081,0.324,0.0,0.004,0.0,0.228,0.772,0.0,0.0,0.0,0.0,0.004,0.0,0.0,0.206,0.066,0.0,0.107,0.618,0.0,0.0
178571,0.064,0.011,0.045,0.0,0.0,0.789,0.0,0.09,0.0,0.256,0.744,0.0,0.0,0.0,0.0,0.068,0.0,0.0,0.011,0.0,0.0,0.0,0.921,0.0,0.0
143756,0.23,0.0,0.569,0.029,0.005,0.139,0.0,0.0,0.029,0.292,0.708,0.0,0.0,0.0,0.0,0.0,0.01,0.0,0.019,0.478,0.0,0.01,0.483,0.0,0.0
178575,0.089,0.0,0.02,0.0,0.01,0.881,0.0,0.0,0.0,0.0,1.0,0.0,0.0,0.0,0.0,0.0,0.0,0.0,0.0,0.0,0.0,0.0,1.0,0.0,0.0
178576,0.137,0.0,0.0,0.007,0.0,0.817,0.0,0.039,0.0,0.111,0.889,0.0,0.0,0.0,0.0,0.0,0.0,0.0,0.0,0.0,0.0,0.0,1.0,0.0,0.0
143761,0.3,0.005,0.38,0.023,0.002,0.277,0.0,0.0,0.014,0.259,0.739,0.0,0.0,0.002,0.0,0.002,0.0,0.009,0.275,0.016,0.009,0.043,0.645,0.0,0.0
143762,0.258,0.0,0.444,0.018,0.0,0.28,0.0,0.0,0.0,0.258,0.731,0.007,0.0,0.004,0.0,0.0,0.004,0.0,0.24,0.0,0.014,0.029,0.713,0.0,0.0
178579,0.077,0.0,0.032,0.019,0.006,0.84,0.0,0.026,0.0,0.212,0.788,0.0,0.0,0.0,0.0,0.0,0.0,0.0,0.429,0.013,0.006,0.0,0.551,0.0,0.0
143765,0.234,0.004,0.608,0.014,0.014,0.108,0.0,0.014,0.004,0.187,0.813,0.0,0.0,0.0,0.0,0.0,0.0,0.0,0.094,0.018,0.007,0.05,0.831,0.0,0.0
178582,0.255,0.005,0.011,0.016,0.0,0.702,0.0,0.005,0.005,0.239,0.761,0.0,0.0,0.0,0.0,0.0,0.0,0.0,0.005,0.005,0.0,0.0,0.989,0.0,0.0
143769,0.338,0.0,0.391,0.029,0.018,0.208,0.0,0.013,0.003,0.124,0.876,0.0,0.0,0.0,0.0,0.005,0.0,0.0,0.0,0.011,0.003,0.0,0.979,0.003,0.0
143768,0.396,0.0,0.0,0.031,0.302,0.255,0.0,0.016,0.0,0.302,0.698,0.0,0.0,0.0,0.0,0.0,0.0,0.0,0.016,0.0,0.0,0.0,0.974,0.01,0.0
178585,0.176,0.0,0.006,0.0,0.0,0.755,0.0,0.063,0.0,0.428,0.572,0.0,0.0,0.0,0.0,0.0,0.0,0.0,0.013,0.0,0.006,0.0,0.981,0.0,0.0
143771,0.296,0.003,0.372,0.0,0.018,0.308,0.0,0.003,0.0,0.466,0.384,0.0,0.15,0.0,0.0,0.0,0.0,0.003,0.006,0.0,0.006,0.015,0.965,0.006,0.0
143772,0.237,0.0,0.2,0.023,0.204,0.331,0.001,0.003,0.001,0.557,0.422,0.001,0.003,0.007,0.009,0.001,0.0,0.0,0.138,0.09,0.004,0.001,0.734,0.032,0.0
178589,0.131,0.001,0.018,0.018,0.003,0.815,0.008,0.006,0.0,0.383,0.616,0.0,0.001,0.0,0.0,0.0,0.0,0.0,0.01,0.01,0.0,0.0,0.981,0.0,0.0
143774,0.23,0.0,0.131,0.005,0.0,0.629,0.0,0.0,0.005,0.155,0.319,0.0,0.0,0.0,0.526,0.0,0.0,0.0,0.094,0.0,0.0,0.019,0.887,0.0,0.0
178593,0.034,0.0,0.0,0.004,0.009,0.855,0.0,0.094,0.004,0.12,0.876,0.004,0.0,0.0,0.0,0.0,0.0,0.0,0.0,0.0,0.0,0.0,1.0,0.0,0.0
178595,0.15,0.0,0.0,0.031,0.04,0.716,0.0,0.064,0.0,0.083,0.917,0.0,0.0,0.0,0.0,0.0,0.0,0.0,0.0,0.024,0.003,0.0,0.972,0.0,0.0
143781,0.751,0.003,0.185,0.01,0.017,0.03,0.003,0.0,0.0,0.064,0.929,0.0,0.003,0.0,0.003,0.0,0.0,0.0,0.013,0.003,0.017,0.256,0.707,0.003,0.0
143783,0.444,0.0,0.255,0.055,0.0,0.236,0.003,0.008,0.0,0.297,0.698,0.003,0.0,0.0,0.003,0.0,0.003,0.003,0.024,0.325,0.016,0.126,0.488,0.016,0.0
178600,0.139,0.0,0.037,0.009,0.019,0.787,0.0,0.009,0.0,0.611,0.38,0.009,0.0,0.0,0.0,0.0,0.0,0.0,0.009,0.0,0.0,0.0,0.991,0.0,0.0
178601,0.223,0.0,0.083,0.006,0.0,0.688,0.0,0.0,0.0,0.408,0.586,0.006,0.0,0.0,0.0,0.0,0.0,0.0,0.0,0.0,0.0,0.0,1.0,0.0,0.0
143788,0.436,0.003,0.436,0.018,0.0,0.103,0.003,0.0,0.0,0.121,0.876,0.0,0.0,0.003,0.0,0.003,0.0,0.0,0.0,0.0,0.0,0.042,0.955,0.0,0.0
178607,0.328,0.0,0.009,0.0,0.0,0.664,0.0,0.0,0.0,0.129,0.871,0.0,0.0,0.0,0.0,0.0,0.0,0.0,0.0,0.0,0.0,0.0,1.0,0.0,0.0
178609,0.103,0.011,0.063,0.034,0.366,0.411,0.0,0.006,0.006,0.371,0.629,0.0,0.0,0.0,0.0,0.006,0.0,0.0,0.869,0.109,0.0,0.0,0.006,0.0,0.011
178614,0.082,0.031,0.0,0.021,0.031,0.825,0.0,0.0,0.01,0.247,0.742,0.01,0.0,0.0,0.0,0.0,0.0,0.0,0.01,0.0,0.0,0.0,0.99,0.0,0.0
178616,0.029,0.0,0.0,0.0,0.0,0.971,0.0,0.0,0.0,0.57,0.43,0.0,0.0,0.0,0.0,0.006,0.0,0.0,0.006,0.0,0.0,0.0,0.988,0.0,0.0
178624,0.032,0.045,0.013,0.006,0.0,0.839,0.0,0.065,0.0,0.032,0.968,0.0,0.0,0.0,0.0,0.0,0.0,0.0,0.535,0.0,0.0,0.006,0.458,0.0,0.0
178627,0.093,0.0,0.0,0.0,0.0,0.907,0.0,0.0,0.0,0.89,0.11,0.0,0.0,0.0,0.0,0.0,0.0,0.0,0.0,0.0,0.0,0.0,1.0,0.0,0.0
178628,0.257,0.0,0.007,0.0,0.0,0.579,0.0,0.158,0.0,0.178,0.816,0.007,0.0,0.0,0.0,0.02,0.0,0.0,0.0,0.0,0.0,0.0,0.98,0.0,0.0
178636,0.123,0.0,0.062,0.008,0.0,0.662,0.0,0.138,0.008,0.015,0.946,0.038,0.0,0.0,0.0,0.0,0.0,0.0,0.015,0.854,0.0,0.0,0.131,0.0,0.0
178639,0.051,0.036,0.0,0.072,0.0,0.79,0.0,0.046,0.005,0.323,0.667,0.01,0.0,0.0,0.0,0.0,0.0,0.0,0.0,0.692,0.0,0.0,0.308,0.0,0.0
178642,0.205,0.084,0.0,0.016,0.006,0.662,0.0,0.026,0.0,0.071,0.925,0.0,0.0,0.003,0.0,0.0,0.0,0.0,0.039,0.455,0.0,0.003,0.5,0.0,0.003
178643,0.4,0.0,0.0,0.0,0.015,0.585,0.0,0.0,0.0,0.192,0.808,0.0,0.0,0.0,0.0,0.0,0.0,0.0,0.862,0.0,0.0,0.015,0.123,0.0,0.0
178652,0.065,0.0,0.016,0.024,0.0,0.75,0.0,0.145,0.0,0.0,0.847,0.0,0.153,0.0,0.0,0.065,0.0,0.0,0.008,0.742,0.008,0.0,0.177,0.0,0.0
178654,0.185,0.0,0.0,0.006,0.006,0.74,0.035,0.029,0.0,0.11,0.884,0.006,0.0,0.0,0.0,0.006,0.0,0.0,0.023,0.486,0.0,0.0,0.486,0.0,0.0
178655,0.344,0.0,0.0,0.008,0.0,0.648,0.0,0.0,0.0,0.088,0.912,0.0,0.0,0.0,0.0,0.0,0.0,0.0,0.0,0.0,0.0,0.008,0.992,0.0,0.0
178658,0.111,0.0,0.016,0.0,0.011,0.593,0.0,0.259,0.011,0.053,0.942,0.0,0.0,0.005,0.0,0.0,0.0,0.0,0.614,0.0,0.085,0.0,0.302,0.0,0.0
178663,0.156,0.004,0.008,0.008,0.004,0.6,0.0,0.219,0.002,0.12,0.879,0.001,0.0,0.0,0.0,0.042,0.0,0.0,0.092,0.079,0.0,0.0,0.786,0.0,0.0
178664,0.266,0.017,0.014,0.008,0.106,0.511,0.0,0.077,0.002,0.047,0.946,0.008,0.0,0.0,0.0,0.0,0.006,0.0,0.15,0.024,0.005,0.002,0.814,0.0,0.0
178665,0.092,0.0,0.0,0.041,0.003,0.78,0.0,0.076,0.008,0.231,0.766,0.0,0.0,0.0,0.003,0.0,0.0,0.0,0.0,0.008,0.0,0.0,0.992,0.0,0.0
178666,0.047,0.0,0.0,0.016,0.0,0.913,0.0,0.024,0.0,0.488,0.512,0.0,0.0,0.0,0.0,0.0,0.0,0.0,0.087,0.039,0.0,0.0,0.874,0.0,0.0
178672,0.061,0.0,0.0,0.0,0.0,0.817,0.0,0.122,0.0,0.183,0.817,0.0,0.0,0.0,0.0,0.009,0.0,0.0,0.009,0.452,0.0,0.0,0.53,0.0,0.0
143784,0.38,0.0,0.011,0.029,0.003,0.54,0.003,0.017,0.017,0.314,0.674,0.009,0.0,0.0,0.003,0.0,0.0,0.0,0.103,0.003,0.006,0.091,0.789,0.0,0.009
122963,0.009,0.0,0.0,0.009,0.982,0.0,0.0,0.0,0.0,0.177,0.823,0.0,0.0,0.0,0.0,0.0,0.0,0.0,0.0,0.0,0.0,0.0,0.92,0.08,0.0
143785,0.119,0.0,0.197,0.018,0.018,0.101,0.05,0.243,0.252,0.005,0.995,0.0,0.0,0.0,0.0,0.0,0.005,0.0,0.014,0.023,0.032,0.083,0.844,0.0,0.0
143773,0.479,0.002,0.15,0.013,0.057,0.283,0.0,0.013,0.004,0.307,0.691,0.0,0.0,0.002,0.0,0.0,0.0,0.0,0.028,0.004,0.004,0.041,0.921,0.004,0.0
178682,0.011,0.0,0.023,0.0,0.0,0.966,0.0,0.0,0.0,0.543,0.451,0.0,0.006,0.0,0.0,0.0,0.0,0.0,0.48,0.114,0.0,0.0,0.406,0.0,0.0
178684,0.262,0.0,0.0,0.007,0.003,0.705,0.0,0.023,0.0,0.189,0.808,0.003,0.0,0.0,0.0,0.099,0.0,0.0,0.023,0.232,0.0,0.0,0.642,0.0,0.003
178687,0.333,0.0,0.004,0.004,0.0,0.659,0.0,0.0,0.0,0.102,0.894,0.0,0.0,0.004,0.0,0.0,0.0,0.0,0.0,0.0,0.0,0.0,1.0,0.0,0.0
178689,0.03,0.0,0.006,0.0,0.0,0.863,0.0,0.101,0.0,0.161,0.839,0.0,0.0,0.0,0.0,0.0,0.0,0.0,0.0,0.0,0.006,0.0,0.994,0.0,0.0
178694,0.159,0.0,0.0,0.009,0.0,0.832,0.0,0.0,0.0,0.319,0.673,0.009,0.0,0.0,0.0,0.0,0.0,0.0,0.611,0.248,0.0,0.0,0.142,0.0,0.0
178695,0.174,0.0,0.0,0.0,0.0,0.661,0.0,0.165,0.0,0.157,0.843,0.0,0.0,0.0,0.0,0.0,0.0,0.0,0.009,0.0,0.0,0.0,0.991,0.0,0.0
178698,0.095,0.0,0.0,0.006,0.006,0.882,0.011,0.0,0.0,0.162,0.807,0.014,0.011,0.006,0.0,0.014,0.0,0.0,0.297,0.644,0.003,0.0,0.042,0.0,0.0
178700,0.149,0.0,0.0,0.0,0.0,0.851,0.0,0.0,0.0,0.416,0.584,0.0,0.0,0.0,0.0,0.0,0.0,0.0,0.0,0.0,0.0,0.0,1.0,0.0,0.0
178703,0.187,0.0,0.0,0.0,0.0,0.8,0.0,0.0,0.013,0.277,0.723,0.0,0.0,0.0,0.0,0.0,0.0,0.0,0.097,0.542,0.0,0.0,0.361,0.0,0.0
178705,0.205,0.0,0.0,0.0,0.0,0.787,0.0,0.008,0.0,0.339,0.661,0.0,0.0,0.0,0.0,0.008,0.0,0.0,0.0,0.551,0.008,0.0,0.433,0.0,0.0
178709,0.148,0.0,0.0,0.0,0.0,0.802,0.0,0.049,0.0,0.181,0.819,0.0,0.0,0.0,0.0,0.0,0.0,0.0,0.0,0.412,0.0,0.0,0.588,0.0,0.0
122969,0.145,0.0,0.009,0.018,0.819,0.009,0.0,0.0,0.0,0.617,0.379,0.0,0.0,0.004,0.0,0.0,0.0,0.0,0.0,0.018,0.0,0.0,0.916,0.066,0.0
178713,0.261,0.0,0.0,0.018,0.0,0.703,0.0,0.018,0.0,0.0,1.0,0.0,0.0,0.0,0.0,0.0,0.0,0.0,0.0,0.0,0.0,0.0,1.0,0.0,0.0
178715,0.059,0.0,0.078,0.029,0.0,0.765,0.0,0.069,0.0,0.216,0.784,0.0,0.0,0.0,0.0,0.0,0.0,0.0,0.0,0.951,0.0,0.0,0.049,0.0,0.0
178716,0.05,0.003,0.003,0.007,0.0,0.924,0.0,0.013,0.0,0.158,0.832,0.01,0.0,0.0,0.0,0.003,0.0,0.0,0.056,0.495,0.007,0.0,0.439,0.0,0.0
122970,0.027,0.0,0.025,0.017,0.911,0.017,0.0,0.002,0.0,0.411,0.587,0.002,0.0,0.0,0.0,0.0,0.0,0.0,0.048,0.027,0.004,0.002,0.919,0.0,0.0
178720,0.213,0.0,0.02,0.027,0.0,0.667,0.0,0.067,0.007,0.207,0.793,0.0,0.0,0.0,0.0,0.0,0.0,0.0,0.093,0.253,0.0,0.0,0.653,0.0,0.0
178722,0.09,0.0,0.0,0.0,0.0,0.751,0.0,0.159,0.0,0.299,0.701,0.0,0.0,0.0,0.0,0.0,0.0,0.0,0.453,0.03,0.015,0.01,0.493,0.0,0.0
178723,0.088,0.0,0.0,0.007,0.0,0.781,0.0,0.117,0.007,0.058,0.942,0.0,0.0,0.0,0.0,0.0,0.0,0.0,0.0,0.985,0.0,0.0,0.015,0.0,0.0
178726,0.117,0.0,0.063,0.054,0.009,0.676,0.009,0.054,0.018,0.559,0.441,0.0,0.0,0.0,0.0,0.0,0.0,0.009,0.0,0.0,0.0,0.0,0.991,0.0,0.0
178727,0.225,0.0,0.025,0.017,0.008,0.617,0.0,0.108,0.0,0.242,0.758,0.0,0.0,0.0,0.0,0.017,0.0,0.0,0.575,0.408,0.0,0.0,0.0,0.0,0.0
178732,0.067,0.0,0.002,0.012,0.0,0.886,0.0,0.033,0.0,0.302,0.698,0.0,0.0,0.0,0.0,0.002,0.002,0.0,0.351,0.265,0.004,0.0,0.369,0.004,0.002
178733,0.105,0.0,0.016,0.024,0.0,0.839,0.0,0.008,0.008,0.452,0.548,0.0,0.0,0.0,0.0,0.0,0.0,0.0,0.0,0.008,0.008,0.0,0.984,0.0,0.0
178735,0.199,0.011,0.0,0.045,0.017,0.693,0.0,0.034,0.0,0.125,0.869,0.006,0.0,0.0,0.0,0.0,0.0,0.0,0.006,0.017,0.023,0.017,0.932,0.006,0.0
178737,0.085,0.0,0.024,0.007,0.0,0.762,0.0,0.122,0.0,0.235,0.762,0.003,0.0,0.0,0.0,0.0,0.0,0.0,0.007,0.0,0.003,0.0,0.986,0.003,0.0
178738,0.12,0.017,0.077,0.017,0.077,0.667,0.009,0.017,0.0,0.179,0.803,0.0,0.009,0.0,0.009,0.077,0.0,0.0,0.009,0.0,0.009,0.0,0.906,0.0,0.0
178739,0.1,0.0,0.032,0.032,0.002,0.796,0.0,0.03,0.007,0.208,0.78,0.012,0.0,0.0,0.0,0.0,0.0,0.0,0.044,0.391,0.002,0.0,0.558,0.0,0.005
178745,0.117,0.007,0.069,0.014,0.0,0.731,0.0,0.062,0.0,0.4,0.593,0.007,0.0,0.0,0.0,0.0,0.0,0.007,0.021,0.0,0.0,0.0,0.972,0.0,0.0
178746,0.087,0.0,0.0,0.01,0.01,0.777,0.0,0.097,0.019,0.65,0.35,0.0,0.0,0.0,0.0,0.0,0.0,0.0,0.107,0.0,0.0,0.0,0.893,0.0,0.0
178748,0.087,0.029,0.0,0.029,0.0,0.844,0.0,0.006,0.006,0.312,0.688,0.0,0.0,0.0,0.0,0.006,0.0,0.0,0.012,0.006,0.0,0.0,0.971,0.006,0.0
178749,0.47,0.0,0.008,0.015,0.0,0.477,0.0,0.03,0.0,0.197,0.803,0.0,0.0,0.0,0.0,0.0,0.0,0.0,0.045,0.318,0.0,0.0,0.636,0.0,0.0
178755,0.139,0.0,0.01,0.0,0.0,0.842,0.0,0.01,0.0,0.287,0.713,0.0,0.0,0.0,0.0,0.0,0.0,0.01,0.01,0.01,0.03,0.0,0.941,0.0,0.0
178757,0.069,0.0,0.047,0.007,0.0,0.827,0.0,0.051,0.0,0.31,0.69,0.0,0.0,0.0,0.0,0.0,0.0,0.0,0.321,0.332,0.0,0.0,0.347,0.0,0.0
178759,0.086,0.0,0.0,0.0,0.0,0.845,0.0,0.069,0.0,0.017,0.983,0.0,0.0,0.0,0.0,0.0,0.0,0.0,0.0,0.0,0.0,0.0,1.0,0.0,0.0
178761,0.156,0.0,0.0,0.007,0.015,0.807,0.0,0.015,0.0,0.385,0.615,0.0,0.0,0.0,0.0,0.015,0.0,0.0,0.541,0.0,0.0,0.0,0.444,0.0,0.0
178765,0.094,0.0,0.045,0.005,0.0,0.772,0.005,0.064,0.015,0.465,0.53,0.005,0.0,0.0,0.0,0.0,0.0,0.0,0.03,0.371,0.0,0.0,0.599,0.0,0.0
178769,0.231,0.004,0.016,0.0,0.004,0.66,0.0,0.085,0.0,0.142,0.858,0.0,0.0,0.0,0.0,0.0,0.0,0.0,0.0,0.004,0.004,0.0,0.992,0.0,0.0
178771,0.1,0.0,0.011,0.011,0.006,0.856,0.0,0.017,0.0,0.128,0.872,0.0,0.0,0.0,0.0,0.0,0.0,0.0,0.011,0.478,0.0,0.0,0.511,0.0,0.0
178775,0.112,0.0,0.007,0.0,0.0,0.797,0.0,0.084,0.0,0.231,0.762,0.0,0.0,0.007,0.0,0.0,0.0,0.0,0.0,0.0,0.0,0.0,1.0,0.0,0.0
178776,0.108,0.039,0.02,0.0,0.01,0.824,0.0,0.0,0.0,0.225,0.775,0.0,0.0,0.0,0.0,0.01,0.0,0.0,0.98,0.0,0.0,0.0,0.01,0.0,0.0
178778,0.019,0.0,0.0,0.0,0.0,0.974,0.0,0.006,0.0,0.256,0.737,0.006,0.0,0.0,0.0,0.0,0.0,0.0,0.449,0.09,0.0,0.0,0.462,0.0,0.0
178779,0.055,0.0,0.002,0.008,0.002,0.91,0.0,0.02,0.002,0.354,0.642,0.002,0.0,0.002,0.0,0.027,0.0,0.0,0.284,0.421,0.008,0.02,0.239,0.0,0.0
178781,0.169,0.0,0.0,0.007,0.0,0.824,0.0,0.0,0.0,0.27,0.723,0.007,0.0,0.0,0.0,0.0,0.0,0.0,0.027,0.351,0.0,0.0,0.622,0.0,0.0
178783,0.09,0.004,0.013,0.0,0.0,0.767,0.0,0.126,0.0,0.345,0.655,0.0,0.0,0.0,0.0,0.0,0.0,0.0,0.013,0.0,0.0,0.0,0.987,0.0,0.0
178784,0.167,0.0,0.035,0.01,0.0,0.732,0.0,0.051,0.005,0.207,0.778,0.005,0.0,0.01,0.0,0.0,0.0,0.0,0.444,0.0,0.0,0.0,0.556,0.0,0.0
178786,0.058,0.0,0.033,0.042,0.242,0.6,0.0,0.025,0.0,0.25,0.75,0.0,0.0,0.0,0.0,0.017,0.008,0.0,0.05,0.008,0.008,0.008,0.875,0.025,0.0
178790,0.14,0.0,0.0,0.013,0.006,0.841,0.0,0.0,0.0,0.236,0.758,0.0,0.0,0.006,0.0,0.0,0.0,0.0,0.382,0.045,0.0,0.0,0.573,0.0,0.0
178792,0.113,0.0,0.0,0.009,0.004,0.84,0.0,0.035,0.0,0.281,0.714,0.0,0.0,0.004,0.0,0.0,0.0,0.0,0.39,0.255,0.0,0.0,0.355,0.0,0.0
178793,0.163,0.029,0.01,0.048,0.0,0.75,0.0,0.0,0.0,0.462,0.538,0.0,0.0,0.0,0.0,0.019,0.0,0.0,0.087,0.077,0.019,0.0,0.798,0.0,0.0
178794,0.088,0.0,0.021,0.004,0.0,0.87,0.0,0.013,0.004,0.0,0.992,0.008,0.0,0.0,0.0,0.004,0.0,0.0,0.0,0.0,0.0,0.0,0.996,0.0,0.0
178799,0.19,0.0,0.0,0.006,0.0,0.773,0.0,0.031,0.0,0.0,1.0,0.0,0.0,0.0,0.0,0.0,0.0,0.0,0.092,0.663,0.0,0.0,0.245,0.0,0.0
178801,0.081,0.0,0.0,0.01,0.0,0.838,0.0,0.071,0.0,0.192,0.808,0.0,0.0,0.0,0.0,0.0,0.0,0.0,0.081,0.0,0.01,0.0,0.909,0.0,0.0
178803,0.09,0.0,0.0,0.0,0.0,0.892,0.0,0.018,0.0,0.0,1.0,0.0,0.0,0.0,0.0,0.0,0.0,0.0,0.0,0.0,0.0,0.0,1.0,0.0,0.0
178808,0.282,0.0,0.0,0.019,0.0,0.699,0.0,0.0,0.0,0.103,0.897,0.0,0.0,0.0,0.0,0.0,0.0,0.0,0.0,0.006,0.0,0.0,0.994,0.0,0.0
178809,0.202,0.0,0.0,0.008,0.0,0.782,0.0,0.008,0.0,0.0,1.0,0.0,0.0,0.0,0.0,0.0,0.0,0.0,0.0,0.0,0.0,0.0,1.0,0.0,0.0
178811,0.186,0.0,0.0,0.03,0.0,0.673,0.0,0.111,0.0,0.06,0.94,0.0,0.0,0.0,0.0,0.0,0.005,0.0,0.035,0.005,0.0,0.0,0.955,0.0,0.0
178815,0.036,0.0,0.0,0.009,0.0,0.955,0.0,0.0,0.0,0.446,0.554,0.0,0.0,0.0,0.0,0.0,0.0,0.0,0.259,0.0,0.0,0.0,0.741,0.0,0.0
178820,0.144,0.003,0.01,0.006,0.003,0.78,0.003,0.051,0.0,0.162,0.835,0.003,0.0,0.0,0.0,0.0,0.0,0.002,0.209,0.109,0.002,0.006,0.669,0.002,0.002
178822,0.117,0.0,0.0,0.0,0.007,0.766,0.0,0.11,0.0,0.166,0.834,0.0,0.0,0.0,0.0,0.007,0.0,0.0,0.007,0.152,0.0,0.0,0.834,0.0,0.0
178823,0.08,0.009,0.027,0.589,0.0,0.196,0.0,0.098,0.0,0.5,0.482,0.018,0.0,0.0,0.0,0.0,0.0,0.0,0.0,0.009,0.054,0.0,0.938,0.0,0.0
178827,0.041,0.0,0.0,0.017,0.0,0.936,0.0,0.006,0.0,0.221,0.756,0.012,0.012,0.0,0.0,0.0,0.0,0.0,0.041,0.0,0.0,0.0,0.953,0.006,0.0
178828,0.217,0.0,0.014,0.0,0.005,0.76,0.0,0.005,0.0,0.14,0.855,0.005,0.0,0.0,0.0,0.005,0.0,0.0,0.018,0.33,0.0,0.0,0.647,0.0,0.0
178830,0.157,0.0,0.006,0.008,0.072,0.689,0.0,0.067,0.0,0.142,0.853,0.003,0.0,0.001,0.0,0.003,0.0,0.001,0.004,0.084,0.001,0.0,0.906,0.0,0.0
178831,0.321,0.0,0.0,0.0,0.0,0.673,0.0,0.006,0.0,0.086,0.907,0.006,0.0,0.0,0.0,0.0,0.006,0.0,0.352,0.012,0.0,0.0,0.63,0.0,0.0
178833,0.442,0.0,0.0,0.0,0.0,0.551,0.007,0.0,0.0,0.0,0.993,0.0,0.0,0.007,0.0,0.022,0.0,0.0,0.0,0.0,0.0,0.0,0.978,0.0,0.0
178837,0.261,0.0,0.013,0.0,0.0,0.643,0.0,0.07,0.013,0.07,0.924,0.006,0.0,0.0,0.0,0.0,0.0,0.0,0.0,0.382,0.0,0.0,0.618,0.0,0.0
178838,0.144,0.0,0.003,0.003,0.007,0.761,0.01,0.072,0.0,0.284,0.712,0.003,0.0,0.0,0.0,0.0,0.0,0.0,0.003,0.127,0.0,0.0,0.869,0.0,0.0
178841,0.105,0.0,0.0,0.019,0.0,0.877,0.0,0.0,0.0,0.13,0.87,0.0,0.0,0.0,0.0,0.0,0.0,0.0,0.105,0.056,0.012,0.0,0.827,0.0,0.0
178842,0.338,0.0,0.0,0.0,0.0,0.662,0.0,0.0,0.0,0.022,0.978,0.0,0.0,0.0,0.0,0.0,0.0,0.0,0.0,0.0,0.0,0.0,1.0,0.0,0.0
178845,0.016,0.0,0.005,0.026,0.011,0.895,0.0,0.026,0.021,0.558,0.432,0.0,0.005,0.005,0.0,0.0,0.011,0.0,0.011,0.174,0.037,0.011,0.758,0.0,0.0
178852,0.294,0.0,0.0,0.0,0.0,0.706,0.0,0.0,0.0,0.023,0.977,0.0,0.0,0.0,0.0,0.006,0.006,0.0,0.266,0.0,0.0,0.0,0.723,0.0,0.0
122993,0.076,0.005,0.0,0.045,0.784,0.088,0.002,0.0,0.0,0.52,0.477,0.002,0.0,0.0,0.0,0.0,0.0,0.0,0.014,0.0,0.002,0.0,0.983,0.0,0.0
178859,0.167,0.0,0.025,0.015,0.0,0.789,0.0,0.0,0.005,0.064,0.936,0.0,0.0,0.0,0.0,0.0,0.0,0.0,0.956,0.039,0.0,0.0,0.005,0.0,0.0
143779,0.348,0.0,0.493,0.005,0.024,0.13,0.0,0.0,0.0,0.005,0.995,0.0,0.0,0.0,0.0,0.0,0.0,0.0,0.01,0.005,0.0,0.237,0.744,0.005,0.0
178870,0.107,0.0,0.0,0.038,0.004,0.726,0.0,0.124,0.0,0.098,0.893,0.004,0.0,0.004,0.0,0.0,0.0,0.009,0.009,0.017,0.009,0.0,0.953,0.004,0.0
178874,0.294,0.0,0.0,0.0,0.0,0.706,0.0,0.0,0.0,0.11,0.872,0.018,0.0,0.0,0.0,0.0,0.0,0.0,0.0,0.881,0.009,0.0,0.11,0.0,0.0
178891,0.213,0.0,0.028,0.019,0.003,0.71,0.0,0.015,0.012,0.299,0.694,0.0,0.0,0.006,0.0,0.049,0.0,0.0,0.025,0.451,0.003,0.0,0.472,0.0,0.0
178893,0.057,0.0,0.0,0.0,0.0,0.844,0.0,0.098,0.0,0.311,0.689,0.0,0.0,0.0,0.0,0.0,0.0,0.0,0.0,0.0,0.0,0.0,1.0,0.0,0.0
178894,0.134,0.007,0.004,0.018,0.0,0.767,0.002,0.065,0.002,0.183,0.812,0.002,0.002,0.0,0.0,0.0,0.0,0.0,0.002,0.295,0.002,0.022,0.678,0.0,0.0
178908,0.06,0.0,0.015,0.008,0.0,0.865,0.0,0.045,0.008,0.195,0.759,0.023,0.0,0.015,0.008,0.0,0.008,0.0,0.0,0.165,0.0,0.0,0.82,0.008,0.0
178910,0.163,0.003,0.0,0.0,0.0,0.774,0.0,0.059,0.0,0.22,0.777,0.003,0.0,0.0,0.0,0.0,0.0,0.0,0.047,0.273,0.0,0.0,0.68,0.0,0.0
178911,0.156,0.0,0.007,0.02,0.014,0.803,0.0,0.0,0.0,0.354,0.646,0.0,0.0,0.0,0.0,0.0,0.0,0.0,0.007,0.007,0.0,0.0,0.986,0.0,0.0
178914,0.093,0.0,0.017,0.008,0.0,0.864,0.0,0.017,0.0,0.169,0.831,0.0,0.0,0.0,0.0,0.0,0.0,0.0,0.0,0.0,0.0,0.0,1.0,0.0,0.0
178919,0.111,0.0,0.005,0.005,0.0,0.863,0.0,0.016,0.0,0.553,0.442,0.005,0.0,0.0,0.0,0.0,0.0,0.0,0.0,0.0,0.011,0.0,0.989,0.0,0.0
178921,0.078,0.0,0.006,0.008,0.0,0.908,0.0,0.0,0.0,0.319,0.672,0.003,0.0,0.006,0.0,0.0,0.0,0.0,0.137,0.003,0.0,0.011,0.801,0.048,0.0
178922,0.116,0.0,0.009,0.018,0.0,0.857,0.0,0.0,0.0,0.268,0.714,0.0,0.0,0.018,0.0,0.009,0.0,0.0,0.018,0.0,0.0,0.0,0.973,0.0,0.0
166928,0.135,0.002,0.004,0.036,0.0,0.705,0.0,0.118,0.0,0.255,0.745,0.0,0.0,0.0,0.0,0.002,0.0,0.0,0.201,0.131,0.0,0.0,0.667,0.0,0.0
166929,0.29,0.015,0.0,0.056,0.002,0.521,0.026,0.088,0.002,0.195,0.805,0.0,0.0,0.0,0.0,0.0,0.0,0.002,0.245,0.073,0.002,0.0,0.67,0.009,0.0
166930,0.199,0.006,0.123,0.074,0.004,0.371,0.004,0.212,0.006,0.195,0.805,0.0,0.0,0.0,0.0,0.0,0.0,0.0,0.576,0.04,0.008,0.004,0.364,0.002,0.004
166931,0.178,0.0,0.0,0.016,0.002,0.707,0.014,0.074,0.01,0.272,0.724,0.002,0.0,0.002,0.0,0.0,0.0,0.002,0.232,0.043,0.01,0.002,0.71,0.002,0.0
166948,0.237,0.004,0.0,0.028,0.0,0.621,0.0,0.107,0.004,0.577,0.372,0.0,0.016,0.0,0.036,0.0,0.008,0.0,0.901,0.091,0.0,0.0,0.0,0.0,0.0
166949,0.212,0.0,0.027,0.009,0.018,0.292,0.0,0.442,0.0,0.212,0.779,0.009,0.0,0.0,0.0,0.009,0.0,0.0,0.009,0.0,0.027,0.0,0.956,0.0,0.0
166950,0.181,0.0,0.0,0.023,0.0,0.583,0.037,0.171,0.005,0.19,0.81,0.0,0.0,0.0,0.0,0.014,0.0,0.0,0.528,0.005,0.0,0.0,0.454,0.0,0.0
166953,0.173,0.0,0.071,0.039,0.315,0.189,0.0,0.213,0.0,0.205,0.78,0.016,0.0,0.0,0.0,0.0,0.0,0.0,0.0,0.0,0.0,0.0,0.992,0.008,0.0
166957,0.589,0.0,0.0,0.011,0.0,0.4,0.0,0.0,0.0,0.042,0.958,0.0,0.0,0.0,0.0,0.505,0.0,0.0,0.495,0.0,0.0,0.0,0.0,0.0,0.0
166959,0.17,0.0,0.0,0.03,0.037,0.63,0.0,0.126,0.007,0.185,0.807,0.007,0.0,0.0,0.0,0.089,0.0,0.0,0.793,0.015,0.0,0.0,0.104,0.0,0.0
166963,0.051,0.0,0.0,0.025,0.0,0.778,0.0,0.146,0.0,0.785,0.215,0.0,0.0,0.0,0.0,0.0,0.0,0.0,0.013,0.804,0.006,0.0,0.171,0.006,0.0
166964,0.033,0.0,0.007,0.072,0.0,0.809,0.0,0.079,0.0,0.954,0.046,0.0,0.0,0.0,0.0,0.0,0.0,0.0,0.211,0.0,0.0,0.007,0.783,0.0,0.0
166966,0.135,0.006,0.015,0.108,0.015,0.664,0.003,0.048,0.006,0.61,0.387,0.0,0.0,0.0,0.003,0.0,0.0,0.0,0.793,0.141,0.003,0.0,0.063,0.0,0.0
166968,0.161,0.005,0.0,0.031,0.0,0.693,0.052,0.057,0.0,0.391,0.599,0.01,0.0,0.0,0.0,0.0,0.0,0.0,0.932,0.047,0.0,0.0,0.01,0.0,0.01
166971,0.188,0.0,0.0,0.036,0.0,0.773,0.0,0.003,0.0,0.569,0.431,0.0,0.0,0.0,0.0,0.0,0.0,0.0,0.524,0.339,0.0,0.003,0.134,0.0,0.0
166972,0.067,0.0,0.0,0.048,0.0,0.676,0.0,0.21,0.0,0.4,0.6,0.0,0.0,0.0,0.0,0.0,0.0,0.0,0.0,0.0,0.0,0.0,1.0,0.0,0.0
166980,0.08,0.027,0.0,0.062,0.0,0.67,0.0,0.161,0.0,0.241,0.723,0.036,0.0,0.0,0.0,0.0,0.0,0.0,0.304,0.0,0.0,0.0,0.688,0.0,0.009
166982,0.258,0.003,0.017,0.083,0.02,0.545,0.004,0.051,0.019,0.245,0.755,0.0,0.0,0.0,0.0,0.002,0.0,0.001,0.404,0.018,0.003,0.0,0.57,0.001,0.0
166984,0.018,0.0,0.0,0.012,0.0,0.935,0.0,0.024,0.012,0.598,0.391,0.0,0.0,0.012,0.0,0.024,0.0,0.0,0.604,0.136,0.0,0.0,0.237,0.0,0.0
166985,0.172,0.0,0.0,0.006,0.006,0.781,0.0,0.036,0.0,0.379,0.621,0.0,0.0,0.0,0.0,0.0,0.0,0.0,0.314,0.142,0.0,0.006,0.538,0.0,0.0
166992,0.241,0.0,0.007,0.076,0.0,0.628,0.0,0.041,0.007,0.428,0.572,0.0,0.0,0.0,0.0,0.0,0.0,0.0,0.007,0.0,0.0,0.007,0.986,0.0,0.0
166993,0.149,0.008,0.0,0.124,0.0,0.603,0.0,0.107,0.008,0.322,0.678,0.0,0.0,0.0,0.0,0.008,0.0,0.0,0.0,0.0,0.0,0.0,0.992,0.0,0.0
166996,0.139,0.0,0.017,0.157,0.009,0.574,0.0,0.096,0.009,0.522,0.478,0.0,0.0,0.0,0.0,0.052,0.0,0.0,0.017,0.0,0.035,0.0,0.896,0.0,0.0
167001,0.211,0.002,0.006,0.13,0.011,0.586,0.006,0.046,0.001,0.422,0.577,0.001,0.0,0.0,0.0,0.002,0.0,0.0,0.205,0.218,0.004,0.002,0.567,0.001,0.0
167005,0.189,0.012,0.012,0.086,0.004,0.619,0.0,0.074,0.004,0.328,0.668,0.004,0.0,0.0,0.0,0.049,0.004,0.0,0.27,0.34,0.012,0.0,0.324,0.0,0.0
167006,0.137,0.004,0.004,0.04,0.0,0.731,0.012,0.068,0.004,0.309,0.687,0.0,0.004,0.0,0.0,0.0,0.0,0.0,0.197,0.052,0.004,0.0,0.747,0.0,0.0
167009,0.198,0.026,0.0,0.0,0.009,0.741,0.0,0.0,0.026,0.31,0.69,0.0,0.0,0.0,0.0,0.0,0.017,0.0,0.448,0.026,0.0,0.0,0.509,0.0,0.0
167013,0.226,0.009,0.0,0.043,0.0,0.704,0.0,0.0,0.017,0.209,0.791,0.0,0.0,0.0,0.0,0.061,0.0,0.0,0.4,0.07,0.009,0.0,0.452,0.009,0.0
167014,0.088,0.01,0.034,0.086,0.0,0.538,0.003,0.236,0.005,0.283,0.717,0.0,0.0,0.0,0.0,0.0,0.0,0.0,0.382,0.296,0.013,0.0,0.299,0.003,0.008
167016,0.884,0.0,0.0,0.098,0.006,0.012,0.0,0.0,0.0,0.0,1.0,0.0,0.0,0.0,0.0,0.0,0.0,0.0,0.0,0.0,0.0,0.0,1.0,0.0,0.0
167021,0.068,0.048,0.007,0.265,0.005,0.501,0.007,0.095,0.004,0.355,0.627,0.011,0.004,0.004,0.0,0.016,0.0,0.0,0.106,0.384,0.004,0.0,0.488,0.002,0.0
167022,0.243,0.021,0.0,0.061,0.014,0.557,0.004,0.1,0.0,0.057,0.914,0.007,0.021,0.0,0.0,0.0,0.0,0.0,0.0,0.018,0.0,0.004,0.968,0.011,0.0
167023,0.251,0.0,0.01,0.031,0.0,0.51,0.018,0.174,0.005,0.126,0.874,0.0,0.0,0.0,0.0,0.0,0.0,0.003,0.333,0.146,0.0,0.0,0.518,0.0,0.0
167024,0.286,0.008,0.0,0.023,0.0,0.677,0.0,0.008,0.0,0.188,0.805,0.008,0.0,0.0,0.0,0.0,0.0,0.0,0.459,0.398,0.0,0.0,0.143,0.0,0.0
167026,0.158,0.007,0.005,0.092,0.009,0.596,0.003,0.129,0.0,0.414,0.584,0.0,0.0,0.002,0.0,0.01,0.0,0.0,0.015,0.0,0.007,0.0,0.968,0.0,0.0
167027,0.086,0.002,0.066,0.062,0.003,0.605,0.022,0.143,0.01,0.417,0.583,0.0,0.0,0.0,0.0,0.0,0.0,0.003,0.008,0.007,0.003,0.0,0.976,0.002,0.0
167029,0.195,0.0,0.022,0.042,0.006,0.581,0.01,0.144,0.0,0.332,0.665,0.003,0.0,0.0,0.0,0.003,0.0,0.0,0.016,0.24,0.019,0.0,0.722,0.0,0.0
167033,0.117,0.004,0.004,0.034,0.0,0.686,0.004,0.152,0.0,0.458,0.538,0.004,0.0,0.0,0.0,0.0,0.0,0.0,0.019,0.008,0.0,0.0,0.97,0.004,0.0
167041,0.266,0.0,0.009,0.019,0.005,0.668,0.0,0.033,0.0,0.514,0.467,0.019,0.0,0.0,0.0,0.005,0.0,0.0,0.0,0.0,0.0,0.0,0.995,0.0,0.0
167048,0.068,0.0,0.049,0.043,0.0,0.778,0.0,0.043,0.019,0.599,0.401,0.0,0.0,0.0,0.0,0.0,0.0,0.0,0.105,0.364,0.0,0.0,0.531,0.0,0.0
167050,0.124,0.0,0.041,0.05,0.0,0.769,0.0,0.017,0.0,0.471,0.529,0.0,0.0,0.0,0.0,0.0,0.0,0.0,0.0,0.0,0.008,0.0,0.992,0.0,0.0
167051,0.073,0.0,0.0,0.0,0.0,0.691,0.0,0.236,0.0,0.341,0.659,0.0,0.0,0.0,0.0,0.0,0.0,0.0,0.984,0.008,0.0,0.0,0.008,0.0,0.0
167054,0.124,0.0,0.0,0.0,0.004,0.745,0.031,0.089,0.008,0.402,0.595,0.004,0.0,0.0,0.0,0.042,0.0,0.0,0.826,0.012,0.008,0.0,0.108,0.0,0.004
167058,0.192,0.004,0.004,0.021,0.008,0.657,0.021,0.092,0.0,0.452,0.548,0.0,0.0,0.0,0.0,0.0,0.0,0.004,0.364,0.008,0.0,0.0,0.619,0.0,0.004
167059,0.301,0.0,0.097,0.006,0.0,0.591,0.006,0.0,0.0,0.665,0.335,0.0,0.0,0.0,0.0,0.006,0.0,0.0,0.869,0.051,0.0,0.0,0.074,0.0,0.0
167062,0.16,0.0,0.0,0.067,0.004,0.667,0.009,0.089,0.004,0.364,0.636,0.0,0.0,0.0,0.0,0.0,0.0,0.0,0.942,0.0,0.0,0.0,0.058,0.0,0.0
167063,0.274,0.0,0.0,0.024,0.006,0.595,0.006,0.095,0.0,0.637,0.345,0.018,0.0,0.0,0.0,0.0,0.0,0.0,0.071,0.405,0.0,0.0,0.524,0.0,0.0
167068,0.15,0.0,0.012,0.04,0.0,0.656,0.016,0.126,0.0,0.611,0.381,0.0,0.004,0.004,0.0,0.0,0.0,0.0,0.012,0.0,0.004,0.0,0.984,0.0,0.0
167070,0.176,0.0,0.018,0.015,0.009,0.568,0.003,0.21,0.0,0.389,0.59,0.018,0.003,0.0,0.0,0.055,0.0,0.0,0.568,0.024,0.003,0.0,0.347,0.003,0.0
167071,0.064,0.0,0.0,0.047,0.006,0.678,0.012,0.187,0.006,0.474,0.526,0.0,0.0,0.0,0.0,0.0,0.006,0.0,0.012,0.0,0.0,0.006,0.93,0.047,0.0
167074,0.008,0.0,0.008,0.032,0.0,0.887,0.0,0.065,0.0,0.831,0.169,0.0,0.0,0.0,0.0,0.0,0.0,0.0,0.024,0.0,0.008,0.0,0.968,0.0,0.0
167080,0.171,0.017,0.0,0.06,0.0,0.667,0.0,0.085,0.0,0.402,0.598,0.0,0.0,0.0,0.0,0.009,0.0,0.0,0.812,0.0,0.0,0.0,0.179,0.0,0.0
167088,0.174,0.0,0.003,0.025,0.014,0.638,0.016,0.128,0.003,0.199,0.796,0.005,0.0,0.0,0.0,0.035,0.0,0.0,0.589,0.035,0.008,0.005,0.327,0.0,0.0
167097,0.113,0.0,0.023,0.063,0.003,0.596,0.013,0.185,0.003,0.334,0.662,0.003,0.0,0.0,0.0,0.0,0.0,0.01,0.166,0.01,0.003,0.0,0.801,0.007,0.003
167102,0.045,0.0,0.036,0.036,0.004,0.587,0.004,0.287,0.0,0.453,0.547,0.0,0.0,0.0,0.0,0.004,0.0,0.004,0.117,0.211,0.0,0.0,0.664,0.0,0.0
167103,0.278,0.0,0.069,0.014,0.005,0.514,0.005,0.116,0.0,0.153,0.847,0.0,0.0,0.0,0.0,0.0,0.0,0.0,0.509,0.014,0.0,0.0,0.477,0.0,0.0
167104,0.227,0.009,0.148,0.012,0.008,0.45,0.003,0.139,0.005,0.282,0.574,0.01,0.118,0.016,0.0,0.008,0.0,0.0,0.468,0.089,0.0,0.0,0.433,0.001,0.001
167111,0.091,0.012,0.075,0.04,0.0,0.603,0.0,0.179,0.0,0.544,0.444,0.0,0.004,0.008,0.0,0.0,0.0,0.0,0.004,0.0,0.004,0.0,0.992,0.0,0.0
167113,0.193,0.0,0.156,0.055,0.009,0.578,0.0,0.009,0.0,0.303,0.697,0.0,0.0,0.0,0.0,0.0,0.0,0.0,0.917,0.028,0.0,0.0,0.055,0.0,0.0
167122,0.281,0.002,0.011,0.015,0.002,0.489,0.007,0.182,0.011,0.226,0.772,0.002,0.0,0.0,0.0,0.0,0.002,0.0,0.756,0.007,0.0,0.0,0.235,0.0,0.0
167124,0.173,0.016,0.049,0.048,0.006,0.421,0.021,0.257,0.009,0.215,0.784,0.001,0.0,0.0,0.0,0.0,0.001,0.001,0.006,0.091,0.0,0.0,0.899,0.001,0.0
167125,0.22,0.0,0.006,0.076,0.003,0.569,0.021,0.1,0.006,0.393,0.604,0.0,0.0,0.0,0.003,0.003,0.0,0.0,0.164,0.801,0.0,0.0,0.032,0.0,0.0
167127,0.061,0.0,0.0,0.017,0.0,0.674,0.011,0.238,0.0,0.497,0.503,0.0,0.0,0.0,0.0,0.0,0.0,0.0,0.0,0.0,0.0,0.0,1.0,0.0,0.0
167129,0.167,0.006,0.039,0.05,0.039,0.483,0.0,0.211,0.006,0.378,0.611,0.011,0.0,0.0,0.0,0.006,0.0,0.0,0.0,0.006,0.006,0.017,0.967,0.0,0.0
167130,0.35,0.0,0.064,0.07,0.006,0.395,0.013,0.102,0.0,0.185,0.815,0.0,0.0,0.0,0.0,0.0,0.0,0.0,0.261,0.14,0.0,0.0,0.599,0.0,0.0
167134,0.252,0.0,0.036,0.059,0.0,0.266,0.006,0.381,0.0,0.395,0.602,0.0,0.0,0.0,0.003,0.0,0.0,0.0,0.0,0.0,0.0,0.0,1.0,0.0,0.0
167136,0.224,0.0,0.106,0.051,0.018,0.396,0.002,0.204,0.0,0.314,0.684,0.0,0.0,0.002,0.0,0.0,0.002,0.002,0.004,0.251,0.006,0.002,0.731,0.002,0.0
167138,0.113,0.0,0.017,0.014,0.003,0.561,0.011,0.28,0.0,0.365,0.629,0.006,0.0,0.0,0.0,0.0,0.0,0.0,0.006,0.351,0.0,0.0,0.643,0.0,0.0
167139,0.077,0.0,0.033,0.1,0.008,0.652,0.005,0.125,0.0,0.604,0.396,0.0,0.0,0.0,0.0,0.026,0.0,0.0,0.082,0.084,0.0,0.0,0.806,0.003,0.0
167140,0.271,0.0,0.186,0.0,0.0,0.542,0.0,0.0,0.0,0.381,0.619,0.0,0.0,0.0,0.0,0.0,0.0,0.0,0.0,0.0,0.0,0.0,1.0,0.0,0.0
167147,0.087,0.0,0.0,0.068,0.0,0.677,0.006,0.161,0.0,0.28,0.714,0.006,0.0,0.0,0.0,0.0,0.0,0.0,0.012,0.081,0.0,0.0,0.907,0.0,0.0
167148,0.059,0.0,0.029,0.033,0.022,0.61,0.037,0.21,0.0,0.283,0.717,0.0,0.0,0.0,0.0,0.0,0.0,0.0,0.011,0.0,0.0,0.0,0.989,0.0,0.0
167149,0.022,0.0,0.034,0.061,0.0,0.67,0.006,0.207,0.0,0.184,0.81,0.006,0.0,0.0,0.0,0.0,0.0,0.0,0.983,0.017,0.0,0.0,0.0,0.0,0.0
167150,0.165,0.105,0.008,0.173,0.0,0.496,0.0,0.053,0.0,0.436,0.474,0.008,0.0,0.023,0.06,0.0,0.0,0.0,0.338,0.03,0.0,0.0,0.632,0.0,0.0
167154,0.27,0.0,0.032,0.063,0.0,0.587,0.0,0.048,0.0,0.254,0.746,0.0,0.0,0.0,0.0,0.206,0.0,0.0,0.0,0.0,0.0,0.0,0.786,0.008,0.0
167165,0.147,0.005,0.098,0.065,0.005,0.484,0.011,0.185,0.0,0.565,0.429,0.0,0.0,0.0,0.005,0.0,0.0,0.0,0.005,0.049,0.0,0.0,0.946,0.0,0.0
167166,0.121,0.004,0.034,0.009,0.0,0.785,0.002,0.043,0.002,0.462,0.534,0.002,0.0,0.002,0.0,0.056,0.0,0.0,0.065,0.018,0.002,0.004,0.845,0.004,0.004
167170,0.193,0.003,0.023,0.041,0.007,0.571,0.001,0.159,0.001,0.379,0.618,0.001,0.0,0.001,0.0,0.016,0.0,0.001,0.08,0.216,0.007,0.0,0.679,0.001,0.0
167171,0.013,0.0,0.026,0.051,0.038,0.75,0.006,0.115,0.0,0.718,0.282,0.0,0.0,0.0,0.0,0.0,0.0,0.0,0.006,0.0,0.006,0.0,0.987,0.0,0.0
167172,0.294,0.0,0.025,0.025,0.0,0.513,0.0,0.142,0.0,0.345,0.645,0.0,0.0,0.0,0.01,0.0,0.0,0.0,0.381,0.203,0.0,0.0,0.416,0.0,0.0
167174,0.177,0.0,0.021,0.057,0.0,0.61,0.0,0.135,0.0,0.248,0.709,0.0,0.043,0.0,0.0,0.0,0.0,0.0,0.0,0.0,0.0,0.0,1.0,0.0,0.0
167175,0.019,0.0,0.0,0.009,0.0,0.551,0.0,0.421,0.0,0.374,0.626,0.0,0.0,0.0,0.0,0.0,0.0,0.0,0.0,0.0,0.0,0.0,0.991,0.009,0.0
167178,0.07,0.0,0.0,0.0,0.032,0.696,0.0,0.203,0.0,0.196,0.797,0.006,0.0,0.0,0.0,0.0,0.0,0.0,0.114,0.0,0.0,0.0,0.886,0.0,0.0
167180,0.13,0.0,0.268,0.046,0.0,0.418,0.0,0.138,0.0,0.289,0.69,0.004,0.013,0.0,0.004,0.0,0.0,0.0,0.845,0.013,0.0,0.0,0.142,0.0,0.0
167182,0.048,0.0,0.067,0.077,0.0,0.721,0.0,0.087,0.0,0.288,0.712,0.0,0.0,0.0,0.0,0.0,0.0,0.0,0.0,0.0,0.01,0.0,0.99,0.0,0.0
167183,0.0,0.0,0.0,0.04,0.0,0.812,0.01,0.139,0.0,0.069,0.911,0.0,0.02,0.0,0.0,0.0,0.0,0.0,0.0,0.01,0.0,0.0,0.99,0.0,0.0
167184,0.215,0.008,0.234,0.042,0.015,0.391,0.011,0.077,0.008,0.287,0.709,0.004,0.0,0.0,0.0,0.0,0.0,0.008,0.138,0.015,0.004,0.0,0.835,0.0,0.0
167185,0.226,0.0,0.005,0.154,0.005,0.426,0.0,0.185,0.0,0.246,0.728,0.021,0.005,0.0,0.0,0.0,0.0,0.0,0.405,0.015,0.0,0.0,0.574,0.0,0.005
167186,0.114,0.0,0.103,0.092,0.005,0.375,0.0,0.31,0.0,0.163,0.837,0.0,0.0,0.0,0.0,0.0,0.0,0.0,0.0,0.0,0.0,0.038,0.962,0.0,0.0
167187,0.104,0.01,0.143,0.078,0.007,0.375,0.003,0.274,0.007,0.163,0.827,0.007,0.0,0.003,0.0,0.0,0.0,0.0,0.56,0.013,0.0,0.01,0.414,0.0,0.003
167188,0.124,0.007,0.193,0.079,0.021,0.38,0.002,0.191,0.002,0.254,0.746,0.0,0.0,0.0,0.0,0.028,0.0,0.002,0.033,0.002,0.002,0.0,0.932,0.0,0.0
167189,0.048,0.0,0.006,0.006,0.066,0.653,0.018,0.204,0.0,0.228,0.766,0.006,0.0,0.0,0.0,0.0,0.0,0.0,0.006,0.0,0.006,0.0,0.988,0.0,0.0
167190,0.144,0.006,0.072,0.056,0.006,0.517,0.0,0.2,0.0,0.306,0.694,0.0,0.0,0.0,0.0,0.0,0.006,0.0,0.867,0.05,0.0,0.0,0.078,0.0,0.0
167192,0.204,0.004,0.19,0.069,0.007,0.234,0.018,0.272,0.001,0.146,0.847,0.002,0.0,0.005,0.0,0.0,0.0,0.0,0.223,0.179,0.005,0.0,0.591,0.001,0.0
167194,0.11,0.0,0.131,0.194,0.0,0.24,0.004,0.318,0.004,0.29,0.7,0.011,0.0,0.0,0.0,0.0,0.0,0.046,0.067,0.654,0.025,0.0,0.208,0.0,0.0
167195,0.245,0.0,0.0,0.0,0.0,0.755,0.0,0.0,0.0,0.436,0.5,0.036,0.0,0.0,0.027,0.018,0.009,0.0,0.573,0.309,0.009,0.0,0.082,0.0,0.0
167197,0.153,0.0,0.128,0.058,0.003,0.578,0.003,0.061,0.016,0.313,0.681,0.003,0.0,0.003,0.0,0.0,0.01,0.0,0.259,0.099,0.006,0.003,0.62,0.003,0.0
167198,0.272,0.0,0.009,0.06,0.027,0.506,0.0,0.126,0.0,0.251,0.749,0.0,0.0,0.0,0.0,0.0,0.0,0.0,0.0,0.0,0.0,0.0,1.0,0.0,0.0
167199,0.376,0.0,0.152,0.034,0.0,0.303,0.006,0.129,0.0,0.354,0.646,0.0,0.0,0.0,0.0,0.0,0.0,0.0,0.051,0.365,0.006,0.0,0.579,0.0,0.0
167200,0.189,0.0,0.086,0.009,0.013,0.421,0.052,0.232,0.0,0.223,0.773,0.0,0.004,0.0,0.0,0.0,0.0,0.0,0.0,0.082,0.0,0.009,0.91,0.0,0.0
167201,0.333,0.002,0.02,0.056,0.009,0.301,0.022,0.256,0.0,0.196,0.773,0.007,0.025,0.0,0.0,0.002,0.0,0.002,0.261,0.011,0.002,0.002,0.719,0.0,0.0
167206,0.16,0.0,0.072,0.168,0.0,0.384,0.008,0.208,0.0,0.272,0.72,0.0,0.008,0.0,0.0,0.0,0.0,0.0,0.008,0.0,0.0,0.0,0.992,0.0,0.0
167208,0.121,0.004,0.0,0.033,0.0,0.565,0.004,0.272,0.0,0.138,0.862,0.0,0.0,0.0,0.0,0.0,0.0,0.0,0.925,0.017,0.0,0.0,0.059,0.0,0.0
167210,0.101,0.0,0.03,0.095,0.022,0.545,0.0,0.204,0.003,0.452,0.548,0.0,0.0,0.0,0.0,0.0,0.0,0.0,0.079,0.033,0.0,0.0,0.888,0.0,0.0
167211,0.15,0.007,0.122,0.054,0.014,0.327,0.007,0.32,0.0,0.054,0.735,0.0,0.0,0.0,0.211,0.061,0.0,0.0,0.0,0.0,0.0,0.0,0.939,0.0,0.0
167212,0.255,0.016,0.213,0.119,0.055,0.255,0.013,0.074,0.0,0.274,0.713,0.003,0.01,0.0,0.0,0.09,0.006,0.0,0.01,0.006,0.013,0.0,0.874,0.0,0.0
167213,0.084,0.0,0.28,0.052,0.0,0.276,0.0,0.304,0.003,0.234,0.766,0.0,0.0,0.0,0.0,0.0,0.0,0.003,0.0,0.0,0.0,0.0,0.997,0.0,0.0
167214,0.068,0.0,0.06,0.098,0.0,0.429,0.0,0.346,0.0,0.414,0.586,0.0,0.0,0.0,0.0,0.0,0.0,0.0,0.038,0.0,0.008,0.0,0.955,0.0,0.0
167217,0.185,0.026,0.233,0.048,0.009,0.216,0.013,0.269,0.0,0.137,0.863,0.0,0.0,0.0,0.0,0.0,0.0,0.0,0.0,0.0,0.004,0.0,0.996,0.0,0.0
167223,0.159,0.0,0.224,0.182,0.0,0.288,0.0,0.147,0.0,0.147,0.853,0.0,0.0,0.0,0.0,0.029,0.0,0.0,0.0,0.006,0.0,0.0,0.965,0.0,0.0
167224,0.192,0.0,0.291,0.099,0.02,0.167,0.02,0.212,0.0,0.148,0.852,0.0,0.0,0.0,0.0,0.0,0.0,0.0,0.0,0.0,0.0,0.0,1.0,0.0,0.0
167225,0.298,0.0,0.066,0.073,0.0,0.517,0.0,0.046,0.0,0.258,0.735,0.007,0.0,0.0,0.0,0.0,0.0,0.0,0.0,0.0,0.007,0.0,0.987,0.007,0.0
167226,0.111,0.0,0.026,0.051,0.017,0.444,0.034,0.316,0.0,0.444,0.556,0.0,0.0,0.0,0.0,0.034,0.0,0.0,0.009,0.0,0.0,0.0,0.957,0.0,0.0
167227,0.09,0.0,0.0,0.0,0.007,0.47,0.09,0.343,0.0,0.142,0.851,0.0,0.0,0.007,0.0,0.0,0.0,0.03,0.0,0.037,0.022,0.0,0.91,0.0,0.0
167228,0.5,0.024,0.079,0.143,0.008,0.246,0.0,0.0,0.0,0.0,1.0,0.0,0.0,0.0,0.0,0.0,0.0,0.0,0.008,0.0,0.008,0.0,0.984,0.0,0.0
167229,0.111,0.0,0.167,0.146,0.035,0.172,0.0,0.364,0.005,0.086,0.914,0.0,0.0,0.0,0.0,0.0,0.0,0.0,0.03,0.333,0.0,0.005,0.631,0.0,0.0
167231,0.177,0.0,0.014,0.042,0.014,0.442,0.005,0.298,0.009,0.2,0.8,0.0,0.0,0.0,0.0,0.144,0.0,0.0,0.023,0.023,0.0,0.0,0.795,0.014,0.0
167232,0.14,0.0,0.249,0.093,0.036,0.016,0.0,0.466,0.0,0.047,0.953,0.0,0.0,0.0,0.0,0.0,0.0,0.0,0.0,0.0,0.005,0.0,0.995,0.0,0.0
167239,0.322,0.006,0.117,0.09,0.002,0.307,0.006,0.149,0.0,0.173,0.823,0.002,0.0,0.002,0.0,0.0,0.0,0.002,0.009,0.002,0.0,0.0,0.987,0.0,0.0
167240,0.174,0.0,0.421,0.033,0.008,0.157,0.008,0.198,0.0,0.0,1.0,0.0,0.0,0.0,0.0,0.0,0.0,0.0,0.0,0.0,0.0,0.0,1.0,0.0,0.0
167243,0.331,0.0,0.628,0.0,0.0,0.0,0.017,0.025,0.0,0.0,1.0,0.0,0.0,0.0,0.0,0.0,0.0,0.0,0.0,0.0,0.0,0.0,1.0,0.0,0.0
167244,0.104,0.032,0.104,0.045,0.006,0.532,0.0,0.175,0.0,0.227,0.773,0.0,0.0,0.0,0.0,0.0,0.0,0.0,0.013,0.942,0.0,0.0,0.045,0.0,0.0
167246,0.31,0.0,0.024,0.0,0.032,0.27,0.056,0.31,0.0,0.0,1.0,0.0,0.0,0.0,0.0,0.0,0.0,0.0,1.0,0.0,0.0,0.0,0.0,0.0,0.0
167247,0.136,0.0,0.068,0.099,0.0,0.438,0.0,0.241,0.019,0.142,0.852,0.0,0.0,0.006,0.0,0.0,0.0,0.0,0.0,0.0,0.0,0.0,1.0,0.0,0.0
167248,0.078,0.0,0.01,0.078,0.01,0.422,0.0,0.402,0.0,0.0,1.0,0.0,0.0,0.0,0.0,0.0,0.0,0.0,0.922,0.0,0.0,0.0,0.078,0.0,0.0
167249,0.151,0.006,0.069,0.101,0.0,0.289,0.0,0.384,0.0,0.069,0.931,0.0,0.0,0.0,0.0,0.0,0.0,0.0,0.0,0.0,0.006,0.0,0.994,0.0,0.0
167251,0.466,0.0,0.112,0.019,0.006,0.342,0.0,0.056,0.0,0.025,0.975,0.0,0.0,0.0,0.0,0.0,0.0,0.0,0.0,0.0,0.019,0.0,0.981,0.0,0.0
167253,0.221,0.0,0.471,0.029,0.067,0.0,0.0,0.212,0.0,0.135,0.856,0.01,0.0,0.0,0.0,0.0,0.0,0.0,0.0,0.0,0.0,0.0,1.0,0.0,0.0
167257,0.421,0.0,0.19,0.083,0.033,0.256,0.0,0.008,0.008,0.421,0.579,0.0,0.0,0.0,0.0,0.182,0.0,0.0,0.0,0.0,0.017,0.0,0.802,0.0,0.0
167262,0.115,0.036,0.0,0.054,0.004,0.692,0.011,0.09,0.0,0.0,0.996,0.0,0.0,0.004,0.0,0.0,0.0,0.0,0.0,0.0,0.0,0.0,1.0,0.0,0.0
167263,0.179,0.002,0.351,0.118,0.042,0.211,0.004,0.089,0.005,0.179,0.819,0.002,0.0,0.0,0.0,0.002,0.0,0.0,0.005,0.002,0.002,0.0,0.989,0.0,0.0
167266,0.152,0.002,0.277,0.081,0.034,0.226,0.014,0.212,0.002,0.162,0.826,0.002,0.0,0.01,0.0,0.002,0.0,0.0,0.036,0.337,0.008,0.0,0.618,0.0,0.0
167267,0.102,0.0,0.204,0.136,0.088,0.361,0.0,0.109,0.0,0.252,0.748,0.0,0.0,0.0,0.0,0.0,0.0,0.007,0.782,0.102,0.0,0.0,0.109,0.0,0.0
167268,0.259,0.0,0.194,0.118,0.041,0.224,0.0,0.165,0.0,0.229,0.771,0.0,0.0,0.0,0.0,0.0,0.0,0.0,0.006,0.0,0.012,0.0,0.982,0.0,0.0
167270,0.059,0.0,0.471,0.0,0.0,0.072,0.0,0.399,0.0,0.163,0.81,0.026,0.0,0.0,0.0,0.0,0.0,0.0,0.739,0.007,0.0,0.0,0.255,0.0,0.0
167274,0.078,0.0,0.189,0.068,0.049,0.333,0.022,0.262,0.0,0.163,0.837,0.0,0.0,0.0,0.0,0.0,0.005,0.0,0.357,0.01,0.002,0.0,0.626,0.0,0.0
167277,0.219,0.019,0.124,0.229,0.019,0.095,0.0,0.295,0.0,0.61,0.39,0.0,0.0,0.0,0.0,0.0,0.0,0.0,0.0,0.0,0.0,0.0,0.99,0.01,0.0
167280,0.132,0.0,0.381,0.089,0.047,0.198,0.027,0.117,0.008,0.175,0.825,0.0,0.0,0.0,0.0,0.0,0.0,0.0,0.16,0.502,0.0,0.0,0.339,0.0,0.0
167281,0.212,0.0,0.163,0.098,0.105,0.154,0.025,0.24,0.003,0.237,0.757,0.003,0.0,0.003,0.0,0.0,0.0,0.0,0.0,0.003,0.0,0.0,0.997,0.0,0.0
167282,0.215,0.0,0.174,0.081,0.034,0.227,0.012,0.22,0.037,0.198,0.797,0.002,0.002,0.0,0.0,0.007,0.0,0.0,0.242,0.218,0.0,0.0,0.533,0.0,0.0
167286,0.083,0.014,0.0,0.041,0.014,0.634,0.014,0.2,0.0,0.414,0.586,0.0,0.0,0.0,0.0,0.0,0.0,0.0,0.007,0.0,0.0,0.0,0.993,0.0,0.0
167287,0.138,0.0,0.117,0.11,0.014,0.386,0.007,0.221,0.007,0.083,0.917,0.0,0.0,0.0,0.0,0.0,0.0,0.0,0.041,0.869,0.007,0.0,0.076,0.0,0.007
167288,0.221,0.0,0.149,0.033,0.011,0.26,0.05,0.265,0.011,0.188,0.812,0.0,0.0,0.0,0.0,0.0,0.0,0.0,0.492,0.431,0.017,0.0,0.061,0.0,0.0
167290,0.232,0.009,0.079,0.069,0.039,0.374,0.012,0.185,0.002,0.209,0.782,0.003,0.005,0.0,0.0,0.002,0.007,0.005,0.132,0.209,0.002,0.002,0.642,0.0,0.0
167291,0.06,0.0,0.076,0.201,0.052,0.41,0.0,0.197,0.004,0.197,0.803,0.0,0.0,0.0,0.0,0.0,0.0,0.0,0.064,0.361,0.0,0.0,0.57,0.0,0.004
167292,0.216,0.044,0.213,0.084,0.026,0.285,0.002,0.123,0.007,0.199,0.8,0.002,0.0,0.0,0.0,0.002,0.005,0.0,0.32,0.009,0.004,0.0,0.661,0.0,0.0
167295,0.305,0.0,0.079,0.146,0.013,0.185,0.0,0.272,0.0,0.0,0.722,0.278,0.0,0.0,0.0,0.046,0.0,0.0,0.04,0.907,0.0,0.0,0.007,0.0,0.0
167296,0.481,0.0,0.13,0.0,0.0,0.241,0.0,0.148,0.0,0.25,0.75,0.0,0.0,0.0,0.0,0.0,0.0,0.0,0.0,0.102,0.009,0.0,0.889,0.0,0.0
143735,0.478,0.015,0.232,0.051,0.028,0.16,0.0,0.009,0.028,0.277,0.716,0.006,0.0,0.0,0.0,0.004,0.0,0.0,0.192,0.096,0.006,0.002,0.697,0.002,0.0
167300,0.142,0.01,0.091,0.075,0.029,0.439,0.019,0.191,0.003,0.239,0.757,0.004,0.0,0.0,0.0,0.004,0.0,0.0,0.107,0.016,0.017,0.0,0.854,0.0,0.001
167301,0.126,0.005,0.117,0.036,0.112,0.429,0.017,0.16,0.0,0.226,0.774,0.0,0.0,0.0,0.0,0.0,0.0,0.002,0.01,0.0,0.0,0.0,0.979,0.01,0.0
167303,0.077,0.011,0.178,0.06,0.011,0.485,0.003,0.175,0.0,0.178,0.814,0.008,0.0,0.0,0.0,0.0,0.003,0.0,0.0,0.005,0.003,0.0,0.989,0.0,0.0
167307,0.134,0.275,0.0,0.007,0.054,0.456,0.04,0.007,0.027,0.087,0.913,0.0,0.0,0.0,0.0,0.0,0.0,0.0,0.007,0.0,0.0,0.013,0.98,0.0,0.0
167311,0.202,0.0,0.146,0.056,0.006,0.429,0.004,0.157,0.0,0.336,0.656,0.008,0.0,0.0,0.0,0.0,0.0,0.0,0.118,0.08,0.004,0.0,0.796,0.0,0.002
167313,0.216,0.0,0.17,0.013,0.007,0.307,0.02,0.268,0.0,0.118,0.882,0.0,0.0,0.0,0.0,0.0,0.0,0.0,0.0,0.0,0.0,0.0,1.0,0.0,0.0
167315,0.335,0.0,0.097,0.058,0.029,0.281,0.0,0.187,0.013,0.148,0.848,0.003,0.0,0.0,0.0,0.0,0.0,0.0,0.223,0.216,0.003,0.0,0.558,0.0,0.0
167316,0.205,0.007,0.152,0.059,0.018,0.324,0.009,0.219,0.007,0.116,0.879,0.004,0.0,0.001,0.001,0.002,0.001,0.001,0.19,0.066,0.006,0.002,0.733,0.0,0.0
167318,0.132,0.0,0.471,0.049,0.0,0.225,0.0,0.118,0.005,0.451,0.549,0.0,0.0,0.0,0.0,0.0,0.0,0.0,0.093,0.029,0.0,0.0,0.877,0.0,0.0
167319,0.122,0.0,0.269,0.038,0.006,0.167,0.006,0.372,0.019,0.256,0.744,0.0,0.0,0.0,0.0,0.0,0.0,0.019,0.16,0.006,0.0,0.0,0.808,0.006,0.0
167320,0.055,0.0,0.0,0.118,0.318,0.318,0.0,0.182,0.009,0.218,0.782,0.0,0.0,0.0,0.0,0.0,0.0,0.009,0.0,0.018,0.0,0.0,0.973,0.0,0.0
167322,0.062,0.016,0.235,0.068,0.057,0.483,0.005,0.063,0.011,0.685,0.313,0.0,0.002,0.0,0.0,0.002,0.001,0.0,0.156,0.032,0.003,0.002,0.804,0.001,0.0
167324,0.238,0.0,0.341,0.043,0.065,0.081,0.005,0.227,0.0,0.016,0.973,0.011,0.0,0.0,0.0,0.0,0.0,0.005,0.0,0.0,0.0,0.0,0.995,0.0,0.0
167326,0.156,0.087,0.431,0.035,0.032,0.041,0.002,0.206,0.01,0.26,0.737,0.001,0.001,0.001,0.0,0.0,0.0,0.0,0.072,0.003,0.003,0.0,0.918,0.003,0.0
167327,0.092,0.0,0.724,0.005,0.113,0.048,0.003,0.012,0.003,0.783,0.215,0.003,0.0,0.0,0.0,0.0,0.126,0.0,0.57,0.003,0.003,0.0,0.298,0.0,0.001
122939,0.126,0.0,0.0,0.0,0.864,0.0,0.0,0.01,0.0,0.049,0.951,0.0,0.0,0.0,0.0,0.0,0.0,0.0,0.019,0.01,0.0,0.0,0.971,0.0,0.0
143742,0.468,0.0,0.291,0.026,0.041,0.162,0.0,0.003,0.009,0.326,0.674,0.0,0.0,0.0,0.0,0.0,0.0,0.003,0.006,0.003,0.021,0.012,0.953,0.003,0.0
122994,0.004,0.0,0.043,0.004,0.5,0.445,0.0,0.0,0.004,0.707,0.285,0.008,0.0,0.0,0.0,0.0,0.0,0.0,0.082,0.297,0.004,0.0,0.574,0.043,0.0
143743,0.489,0.004,0.196,0.031,0.187,0.089,0.0,0.004,0.0,0.12,0.853,0.004,0.009,0.013,0.0,0.004,0.0,0.0,0.004,0.036,0.009,0.0,0.938,0.009,0.0
122945,0.029,0.01,0.0,0.01,0.952,0.0,0.0,0.0,0.0,0.581,0.41,0.0,0.0,0.0,0.01,0.0,0.0,0.0,0.2,0.0,0.0,0.0,0.619,0.181,0.0
143753,0.263,0.0,0.464,0.022,0.002,0.249,0.0,0.0,0.0,0.194,0.806,0.0,0.0,0.0,0.0,0.0,0.0,0.0,0.013,0.071,0.005,0.024,0.885,0.003,0.0
122981,0.016,0.0,0.012,0.024,0.94,0.008,0.0,0.0,0.0,0.839,0.157,0.0,0.004,0.0,0.0,0.016,0.0,0.0,0.004,0.0,0.0,0.0,0.863,0.116,0.0
143673,0.236,0.056,0.167,0.004,0.489,0.047,0.0,0.0,0.0,0.073,0.906,0.013,0.0,0.009,0.0,0.0,0.0,0.0,0.013,0.348,0.004,0.017,0.618,0.0,0.0
143674,0.331,0.008,0.18,0.023,0.008,0.444,0.0,0.008,0.0,0.18,0.82,0.0,0.0,0.0,0.0,0.0,0.0,0.0,0.0,0.0,0.0,0.03,0.97,0.0,0.0
143676,0.455,0.004,0.004,0.022,0.0,0.504,0.0,0.009,0.0,0.201,0.795,0.0,0.0,0.004,0.0,0.0,0.0,0.0,0.009,0.009,0.0,0.103,0.879,0.0,0.0
147321,0.151,0.002,0.545,0.032,0.248,0.022,0.0,0.0,0.0,0.28,0.718,0.002,0.0,0.0,0.0,0.0,0.0,0.002,0.058,0.0,0.0,0.009,0.905,0.026,0.0
147324,0.128,0.005,0.654,0.014,0.185,0.0,0.0,0.0,0.014,0.569,0.431,0.0,0.0,0.0,0.0,0.0,0.0,0.0,0.062,0.0,0.0,0.0,0.924,0.014,0.0
147326,0.221,0.0,0.593,0.023,0.163,0.0,0.0,0.0,0.0,0.233,0.744,0.006,0.0,0.017,0.0,0.0,0.0,0.0,0.023,0.006,0.0,0.0,0.959,0.012,0.0
147328,0.282,0.004,0.393,0.025,0.249,0.029,0.004,0.0,0.012,0.053,0.945,0.002,0.0,0.0,0.0,0.0,0.0,0.001,0.001,0.03,0.002,0.0,0.95,0.016,0.0
147329,0.191,0.0,0.312,0.029,0.213,0.254,0.0,0.0,0.0,0.029,0.963,0.004,0.0,0.004,0.0,0.0,0.0,0.0,0.007,0.022,0.004,0.0,0.963,0.004,0.0
147334,0.163,0.002,0.728,0.005,0.1,0.0,0.002,0.0,0.0,0.344,0.656,0.0,0.0,0.0,0.0,0.009,0.0,0.0,0.037,0.0,0.0,0.0,0.942,0.012,0.0
143684,0.056,0.0,0.021,0.0,0.0,0.915,0.0,0.0,0.007,0.324,0.676,0.0,0.0,0.0,0.0,0.0,0.007,0.0,0.007,0.0,0.0,0.0,0.873,0.113,0.0
147337,0.095,0.005,0.66,0.01,0.163,0.064,0.001,0.0,0.001,0.157,0.839,0.004,0.0,0.0,0.0,0.0,0.0,0.0,0.017,0.006,0.003,0.0,0.966,0.008,0.0
147339,0.264,0.0,0.142,0.011,0.486,0.095,0.002,0.0,0.0,0.118,0.881,0.002,0.0,0.0,0.0,0.0,0.0,0.0,0.0,0.0,0.0,0.0,0.977,0.023,0.0
147340,0.217,0.013,0.514,0.022,0.22,0.01,0.0,0.0,0.003,0.514,0.486,0.0,0.0,0.0,0.0,0.0,0.0,0.0,0.003,0.0,0.0,0.0,0.997,0.0,0.0
147343,0.234,0.0,0.231,0.0,0.51,0.023,0.0,0.003,0.0,0.014,0.983,0.003,0.0,0.0,0.0,0.0,0.0,0.0,0.0,0.0,0.0,0.042,0.958,0.0,0.0
147344,0.14,0.03,0.235,0.005,0.566,0.011,0.0,0.011,0.003,0.321,0.677,0.0,0.0,0.003,0.0,0.0,0.0,0.0,0.0,0.003,0.003,0.0,0.995,0.0,0.0
143683,0.343,0.002,0.023,0.042,0.013,0.576,0.0,0.0,0.001,0.36,0.636,0.0,0.0,0.0,0.003,0.0,0.0,0.0,0.001,0.002,0.007,0.018,0.971,0.001,0.0
147351,0.229,0.0,0.255,0.011,0.383,0.112,0.0,0.0,0.011,0.106,0.894,0.0,0.0,0.0,0.0,0.0,0.0,0.0,0.0,0.0,0.005,0.0,0.995,0.0,0.0
147352,0.057,0.0,0.592,0.006,0.248,0.083,0.006,0.006,0.0,0.656,0.344,0.0,0.0,0.0,0.0,0.0,0.0,0.0,0.0,0.0,0.0,0.0,0.994,0.006,0.0
147353,0.333,0.0,0.583,0.0,0.056,0.0,0.0,0.028,0.0,0.361,0.639,0.0,0.0,0.0,0.0,0.0,0.0,0.0,0.861,0.028,0.0,0.0,0.111,0.0,0.0
147354,0.127,0.0,0.405,0.0,0.468,0.0,0.0,0.0,0.0,0.484,0.516,0.0,0.0,0.0,0.0,0.0,0.0,0.0,0.0,0.0,0.0,0.31,0.69,0.0,0.0
147358,0.043,0.007,0.41,0.007,0.432,0.086,0.007,0.007,0.0,0.115,0.885,0.0,0.0,0.0,0.0,0.0,0.0,0.0,0.0,0.0,0.029,0.05,0.921,0.0,0.0
143685,0.08,0.0,0.338,0.01,0.01,0.552,0.005,0.005,0.0,0.343,0.657,0.0,0.0,0.0,0.0,0.0,0.0,0.0,0.03,0.01,0.06,0.0,0.9,0.0,0.0
147360,0.174,0.0,0.385,0.016,0.319,0.1,0.004,0.002,0.0,0.064,0.936,0.0,0.0,0.0,0.0,0.0,0.0,0.0,0.018,0.072,0.008,0.068,0.834,0.0,0.0
147361,0.034,0.0,0.918,0.0,0.043,0.0,0.0,0.005,0.0,0.594,0.406,0.0,0.0,0.0,0.0,0.0,0.0,0.0,0.0,0.005,0.0,0.0,0.99,0.005,0.0
147362,0.04,0.0,0.388,0.0,0.537,0.03,0.0,0.005,0.0,0.483,0.517,0.0,0.0,0.0,0.0,0.0,0.0,0.0,0.0,0.0,0.0,0.05,0.95,0.0,0.0
147364,0.045,0.284,0.0,0.0,0.0,0.67,0.0,0.0,0.0,0.045,0.932,0.023,0.0,0.0,0.0,0.0,0.0,0.0,0.477,0.125,0.0,0.0,0.386,0.011,0.0
147365,0.131,0.0,0.297,0.038,0.221,0.305,0.005,0.003,0.0,0.379,0.616,0.003,0.0,0.003,0.0,0.0,0.0,0.0,0.174,0.128,0.008,0.06,0.629,0.0,0.0
147366,0.009,0.009,0.785,0.0,0.178,0.019,0.0,0.0,0.0,0.028,0.972,0.0,0.0,0.0,0.0,0.0,0.0,0.0,0.019,0.0,0.0,0.0,0.981,0.0,0.0
147368,0.023,0.0,0.079,0.003,0.796,0.099,0.0,0.0,0.0,0.227,0.766,0.003,0.003,0.0,0.0,0.0,0.0,0.0,0.0,0.0,0.003,0.046,0.944,0.007,0.0
147371,0.134,0.0,0.319,0.004,0.531,0.012,0.0,0.0,0.0,0.217,0.74,0.0,0.039,0.004,0.0,0.0,0.0,0.0,0.114,0.008,0.028,0.063,0.776,0.012,0.0
147372,0.054,0.018,0.107,0.006,0.792,0.024,0.0,0.0,0.0,0.589,0.411,0.0,0.0,0.0,0.0,0.0,0.0,0.0,0.036,0.06,0.0,0.0,0.899,0.006,0.0
147374,0.133,0.0,0.512,0.047,0.044,0.172,0.003,0.083,0.006,0.118,0.882,0.0,0.0,0.0,0.0,0.0,0.0,0.0,0.331,0.065,0.0,0.0,0.598,0.003,0.003
147375,0.154,0.0,0.531,0.012,0.235,0.037,0.0,0.012,0.019,0.383,0.617,0.0,0.0,0.0,0.0,0.0,0.0,0.0,0.049,0.142,0.006,0.0,0.784,0.019,0.0
147376,0.057,0.01,0.712,0.01,0.176,0.034,0.0,0.0,0.0,0.495,0.503,0.0,0.0,0.0,0.003,0.0,0.003,0.008,0.016,0.026,0.0,0.005,0.902,0.041,0.0
147377,0.146,0.0,0.699,0.004,0.102,0.037,0.008,0.0,0.004,0.549,0.451,0.0,0.0,0.0,0.0,0.0,0.0,0.004,0.008,0.028,0.0,0.0,0.935,0.024,0.0
147378,0.13,0.001,0.649,0.011,0.121,0.082,0.003,0.002,0.0,0.629,0.368,0.001,0.001,0.001,0.0,0.005,0.0,0.002,0.123,0.026,0.0,0.001,0.794,0.049,0.0
147379,0.333,0.012,0.405,0.019,0.202,0.022,0.0,0.0,0.006,0.374,0.626,0.0,0.0,0.0,0.0,0.0,0.0,0.0,0.0,0.0,0.0,0.003,0.984,0.012,0.0
147380,0.277,0.01,0.119,0.178,0.396,0.0,0.0,0.02,0.0,0.297,0.693,0.0,0.0,0.0,0.01,0.0,0.0,0.0,0.0,0.0,0.0,0.0,0.95,0.05,0.0
147382,0.202,0.0,0.517,0.021,0.123,0.104,0.009,0.017,0.007,0.36,0.632,0.009,0.0,0.0,0.0,0.0,0.002,0.002,0.015,0.003,0.0,0.0,0.967,0.01,0.0
147383,0.244,0.0,0.415,0.009,0.284,0.037,0.006,0.006,0.0,0.063,0.937,0.0,0.0,0.0,0.0,0.0,0.0,0.0,0.381,0.009,0.0,0.003,0.605,0.003,0.0
147384,0.205,0.0,0.429,0.009,0.241,0.071,0.009,0.036,0.0,0.196,0.795,0.009,0.0,0.0,0.0,0.0,0.0,0.0,0.0,0.0,0.0,0.0,0.982,0.018,0.0
147386,0.274,0.012,0.363,0.017,0.034,0.223,0.012,0.036,0.029,0.017,0.981,0.0,0.002,0.0,0.0,0.0,0.002,0.002,0.0,0.036,0.01,0.0,0.942,0.007,0.0
147388,0.198,0.002,0.501,0.018,0.167,0.107,0.001,0.002,0.005,0.345,0.597,0.0,0.003,0.014,0.042,0.001,0.0,0.003,0.22,0.002,0.002,0.0,0.756,0.016,0.001
147389,0.449,0.007,0.206,0.007,0.279,0.0,0.007,0.029,0.015,0.007,0.971,0.022,0.0,0.0,0.0,0.0,0.0,0.0,0.831,0.096,0.0,0.0,0.074,0.0,0.0
147390,0.181,0.0,0.403,0.012,0.379,0.016,0.004,0.0,0.004,0.282,0.714,0.004,0.0,0.0,0.0,0.0,0.0,0.004,0.089,0.028,0.032,0.012,0.835,0.0,0.0
147391,0.019,0.0,0.774,0.009,0.16,0.038,0.0,0.0,0.0,0.179,0.821,0.0,0.0,0.0,0.0,0.0,0.0,0.0,0.0,0.0,0.0,0.0,1.0,0.0,0.0
147392,0.032,0.0,0.481,0.016,0.335,0.13,0.005,0.0,0.0,0.065,0.935,0.0,0.0,0.0,0.0,0.0,0.0,0.0,0.0,0.0,0.016,0.0,0.984,0.0,0.0
147393,0.125,0.0,0.554,0.0,0.312,0.009,0.0,0.0,0.0,0.518,0.482,0.0,0.0,0.0,0.0,0.0,0.0,0.009,0.0,0.0,0.0,0.134,0.821,0.036,0.0
147394,0.308,0.0,0.424,0.024,0.124,0.097,0.011,0.003,0.008,0.668,0.332,0.0,0.0,0.0,0.0,0.0,0.0,0.0,0.024,0.003,0.011,0.0,0.957,0.005,0.0
147395,0.382,0.006,0.343,0.024,0.207,0.013,0.006,0.009,0.009,0.285,0.715,0.0,0.0,0.0,0.0,0.0,0.0,0.0,0.002,0.05,0.013,0.0,0.924,0.009,0.002
143686,0.29,0.005,0.145,0.063,0.049,0.395,0.042,0.006,0.004,0.43,0.544,0.001,0.014,0.01,0.002,0.001,0.001,0.001,0.168,0.017,0.024,0.029,0.753,0.005,0.0
147397,0.283,0.007,0.459,0.0,0.14,0.111,0.0,0.0,0.0,0.371,0.629,0.0,0.0,0.0,0.0,0.0,0.0,0.0,0.007,0.003,0.003,0.072,0.915,0.0,0.0
147398,0.233,0.0,0.545,0.035,0.144,0.043,0.0,0.0,0.0,0.211,0.789,0.0,0.0,0.0,0.0,0.003,0.005,0.0,0.0,0.0,0.0,0.033,0.957,0.003,0.0
147401,0.037,0.0,0.846,0.004,0.108,0.004,0.0,0.0,0.0,0.585,0.415,0.0,0.0,0.0,0.0,0.0,0.0,0.0,0.037,0.249,0.0,0.0,0.71,0.004,0.0
147402,0.115,0.004,0.544,0.038,0.23,0.031,0.011,0.004,0.023,0.307,0.69,0.004,0.0,0.0,0.0,0.0,0.0,0.0,0.008,0.0,0.011,0.023,0.958,0.0,0.0
147403,0.159,0.004,0.237,0.019,0.562,0.014,0.001,0.003,0.002,0.307,0.687,0.005,0.0,0.0,0.001,0.0,0.0,0.0,0.016,0.004,0.004,0.123,0.853,0.0,0.0
147404,0.145,0.006,0.391,0.015,0.388,0.055,0.0,0.0,0.0,0.715,0.276,0.009,0.0,0.0,0.0,0.0,0.006,0.0,0.003,0.003,0.0,0.015,0.97,0.003,0.0
147405,0.16,0.007,0.467,0.007,0.347,0.013,0.0,0.0,0.0,0.387,0.607,0.007,0.0,0.0,0.0,0.0,0.0,0.0,0.067,0.0,0.0,0.047,0.887,0.0,0.0
143693,0.148,0.006,0.094,0.051,0.064,0.63,0.002,0.006,0.0,0.658,0.338,0.004,0.0,0.0,0.0,0.0,0.0,0.0,0.0,0.009,0.009,0.009,0.968,0.004,0.0
147408,0.077,0.009,0.744,0.009,0.077,0.085,0.0,0.0,0.0,0.214,0.778,0.009,0.0,0.0,0.0,0.0,0.0,0.0,0.0,0.0,0.0,0.0,0.991,0.009,0.0
147409,0.21,0.014,0.529,0.017,0.207,0.017,0.0,0.0,0.007,0.078,0.919,0.003,0.0,0.0,0.0,0.0,0.0,0.0,0.003,0.454,0.007,0.034,0.502,0.0,0.0
147410,0.099,0.003,0.443,0.026,0.324,0.097,0.0,0.009,0.0,0.605,0.389,0.0,0.0,0.003,0.003,0.003,0.0,0.0,0.043,0.054,0.0,0.0,0.898,0.003,0.0
147411,0.134,0.003,0.719,0.023,0.07,0.037,0.003,0.007,0.003,0.191,0.776,0.01,0.003,0.02,0.0,0.0,0.0,0.0,0.013,0.003,0.003,0.003,0.96,0.017,0.0
147414,0.189,0.003,0.386,0.008,0.148,0.248,0.003,0.013,0.003,0.609,0.391,0.0,0.0,0.0,0.0,0.003,0.0,0.0,0.309,0.046,0.018,0.018,0.591,0.015,0.0
147415,0.238,0.002,0.445,0.007,0.263,0.028,0.008,0.005,0.003,0.733,0.263,0.0,0.0,0.0,0.003,0.0,0.002,0.0,0.033,0.023,0.012,0.002,0.91,0.018,0.0
147416,0.182,0.004,0.278,0.018,0.03,0.476,0.004,0.008,0.0,0.422,0.578,0.0,0.0,0.0,0.0,0.0,0.0,0.0,0.106,0.098,0.022,0.0,0.73,0.044,0.0
147417,0.257,0.0,0.514,0.015,0.093,0.108,0.0,0.008,0.005,0.599,0.385,0.0,0.0,0.01,0.005,0.0,0.0,0.0,0.088,0.0,0.008,0.015,0.861,0.028,0.0
147418,0.325,0.008,0.436,0.008,0.095,0.099,0.016,0.012,0.0,0.379,0.617,0.004,0.0,0.0,0.0,0.0,0.0,0.0,0.008,0.16,0.016,0.0,0.798,0.016,0.0
143755,0.495,0.031,0.338,0.027,0.003,0.106,0.0,0.0,0.0,0.0,0.99,0.01,0.0,0.0,0.0,0.0,0.0,0.017,0.0,0.092,0.0,0.048,0.84,0.003,0.0
143697,0.616,0.002,0.061,0.01,0.005,0.304,0.0,0.002,0.0,0.448,0.538,0.015,0.0,0.0,0.0,0.0,0.002,0.0,0.019,0.0,0.002,0.0,0.973,0.002,0.0
143701,0.25,0.002,0.35,0.016,0.002,0.366,0.0,0.012,0.002,0.069,0.929,0.0,0.0,0.002,0.0,0.0,0.0,0.0,0.006,0.0,0.002,0.0,0.986,0.006,0.0