region_code,region_name,tehsil_code,num_households,centre_lat,centre_long,ne_lat, ne_long,sw_lat,sw_long
135851,Chholabari,800,421.0,27.8663164,80.1344842,27.877,80.14148,27.8594699,80.11369
215382,Hodalpur,1010,573.0,27.8694438,78.7291986,27.8735599,78.73726,27.86155,78.7204699
215430,Sewar,1010,324.0,24.826244,78.2945939,24.83537,78.3091701,24.8171,78.2845201
135853,Sarauniya,800,161.0,27.8541676,80.1470451,27.8617399,80.1587798,27.8489399,80.1412999
135854,Barhaiya,800,485.0,27.4987013,80.524397,27.5087501,80.5447,27.4802301,80.51067
215385,Himaunpur,1010,211.0,27.8586486,78.7561222,27.8706901,78.7632599,27.85179,78.73725
135855,Kallua,800,455.0,27.8585074,80.1065646,27.8736501,80.1216001,27.84975,80.09244
135915,Jamiraha,800,219.0,27.8388025,80.1902375,27.8511599,80.19929,27.8356799,80.18199
215388,Dewari Prahladpur,1010,843.0,27.8375701,78.7107731,27.85725,78.7212599,27.82918,78.7007401
215390,Udher Pukhta,1010,527.0,27.9157931,78.8184432,27.9262199,78.83677,27.8993601,78.8003199
135860,Pandebari,800,166.0,27.8621673,80.1777417,27.86534,80.18373,27.85612,80.1677501
215515,Tilsai Khurd,1010,269.0,27.7469965,78.6469659,27.75718,78.6546301,27.73739,78.63879
135575,Chhatia Saraiyan,800,279.0,27.9801276,80.1247134,27.9886599,80.1324701,27.97415,80.1188399
135523,Parsar,800,517.0,28.1533291,80.2572225,28.1659501,80.27207,28.13906,80.2400399
215396,Tumaria,1010,453.0,28.746136,79.0955723,28.75765,79.1055101,28.73793,79.08412
215501,Dilawali,1010,126.0,27.7785725,78.6441291,27.78364,78.6508901,27.76967,78.63777
135866,Ekghra,800,100.0,27.8375651,80.1582088,27.84396,80.1637099,27.8325601,80.15267
135525,Mundanizam,800,532.0,28.1355531,80.2516473,28.1456,80.2633801,28.12564,80.2382
135526,Laukikhera,800,304.0,28.1251605,80.2683718,28.13413,80.28531,28.11589,80.25663
215399,Bahadur Nagar,1010,208.0,27.8804476,78.757539,27.88493,78.76554,27.8743,78.7488301
135781,Chauganpur,800,370.0,28.5585562,77.4730653,28.566004,77.4817181,28.5463641,77.4491611
215401,Shyam Sar,1010,677.0,27.8605083,78.7787889,27.87013,78.7878901,27.85109,78.7610501
135871,Sunauriya,800,225.0,27.8245616,80.1386714,27.83162,80.14653,27.81802,80.1298901
215402,Timber Pur,1010,179.0,27.8524669,78.7688728,27.8611201,78.7787599,27.8463201,78.76087
215404,Salem Pur Urf Nagala Bhutan,1010,127.0,27.8508385,78.7490377,27.85604,78.75462,27.84618,78.7418399
215405,Gangagarh,1010,833.0,27.8450217,78.7398272,27.8481927,78.7426937,27.8414905,78.7375386
135714,Chaudhakpur,800,196.0,27.9274541,80.4868773,27.9335401,80.49403,27.92288,80.47953
135535,Maghijawan,800,208.0,28.0726154,80.2627973,28.08851,80.2762401,28.05852,80.2577299
135578,Bela Tursia,800,188.0,27.9896848,80.1568134,28.00106,80.1688401,27.9788599,80.15007
135878,Narainpur Ahlad,800,173.0,27.8386226,80.0520952,27.84512,80.0605401,27.83467,80.0392201
135879,Banikagaon,800,991.0,27.842194,80.0814292,27.8575099,80.0956,27.82335,80.0550199
135882,Karmuliya,800,194.0,27.8423122,80.1233175,27.85191,80.12804,27.83428,80.11588
215414,Ikhauna,1010,351.0,27.892783,78.5405304,27.90779,78.5488401,27.87914,78.5214499
215457,Hanauta,1010,207.0,26.363837,83.6707463,26.3671399,83.67859,26.36027,83.6618
215415,Chhichhaura,1010,588.0,27.8802737,78.5291706,27.89023,78.5455098,27.8624999,78.5113
135544,Faridpur Grant,800,126.0,28.0406139,80.3018107,28.05056,80.31522,28.02732,80.2928401
135648,Bagrethi,800,509.0,27.9205149,80.1623948,27.9259101,80.17049,27.9099801,80.1510699
135545,Sahab Ganj Grant,800,1640.0,28.0302044,80.3185252,28.0404501,80.3348399,28.00915,80.30231
135887,Uchaulia,800,726.0,27.8034806,80.0674619,27.82683,80.0847501,27.79242,80.05073
215418,Wahidpurmafi,1010,401.0,27.8461585,78.5099982,27.85285,78.5187301,27.83408,78.4956999
215419,Inayati,1010,343.0,27.8659286,78.5476296,27.8746099,78.55835,27.8592399,78.5417301
215273,Mahmood Pur Pukhta,1010,268.0,28.0037955,78.6072432,28.01538,78.6177369,27.99114,78.5986601
215276,Bhasawali,1010,103.0,28.0030384,78.632781,28.0213701,78.64225,27.98682,78.61839
215279,Abhaypura Rampur Pukhta,1010,191.0,27.9798392,78.6143377,27.98368,78.6319901,27.9693301,78.5948201
215506,Nadrai,1010,1135.0,27.7717649,78.6143377,27.7817501,78.6263701,27.75517,78.60513
135649,Kandharapur,800,379.0,26.146509,83.1300519,26.16002,83.13953,26.1330601,83.12341
215422,Hariya Ther,1010,126.0,27.8420556,78.5731826,27.84602,78.5824401,27.8339501,78.5677099
215295,Salem Pur Bibi,1010,892.0,27.9368171,78.6788746,27.9387776,78.6815928,27.9339814,78.67522
135552,Dayanatpur,800,133.0,27.6273368,78.0584175,27.6287905,78.0601357,27.6259768,78.0569601
135553,Rampurrajaa,800,103.0,28.0458506,80.2126109,28.0653201,80.22462,28.0395201,80.2025101
215304,Tarapur Nsirpur Pukhta,1010,128.0,27.9296735,78.7235296,27.93867,78.7315901,27.92287,78.71772
215305,Tarapur Kanak,1010,117.0,27.927485,78.732033,27.93689,78.7395101,27.9191799,78.72218
215427,Jahangirpur,1010,261.0,28.1787958,77.7037131,28.184049,77.7108265,28.1724176,77.6983369
135582,Farenda,800,291.0,27.1022603,83.2759219,27.1117201,83.2876754,27.086238,83.2614756
135897,Rampur Grant,800,252.0,27.7806776,80.0730491,27.7941701,80.09118,27.7698801,80.0605499
215323,Datlana Pukhta,1010,424.0,27.9139384,78.7957856,27.9229901,78.80801,27.9095,78.7834
215324,Chandpura Gaupura,1010,725.0,27.9036404,78.7759559,27.91833,78.8006399,27.89121,78.76334
215429,Taiyab Pur Kamalpur,1010,451.0,27.8262775,78.574602,27.8428901,78.58617,27.8168001,78.56319
215328,Jaraitha,1010,100.0,27.9260817,78.7150254,27.9300799,78.72456,27.92027,78.7082399
215329,Paisoi,1010,250.0,27.9238171,78.705103,27.93114,78.70875,27.9149899,78.6978001
215331,Bhaupur,1010,230.0,26.4711668,80.1282031,26.47506,80.13271,26.4676801,80.12444
215332,Fatehpur Kalan,1010,947.0,29.2716512,78.1877922,29.28317,78.2062801,29.26313,78.17155
215333,Nagala Laley,1010,172.0,27.917412,78.7150254,27.92306,78.7261001,27.91019,78.70773
215334,Pachalana,1010,308.0,27.9615615,78.6029862,27.97354,78.61327,27.95171,78.5880199
215336,Sirawali,1010,437.0,27.7633343,78.1525239,27.7643876803,78.1544638,27.7616897197,78.151374
135900,Kishunpur Ajitpur,800,130.0,27.8122562,80.169371,27.81962,80.1800099,27.80514,80.1579701
215338,Chandaus,1010,381.0,28.0797556,77.8492695,28.0885078,77.8625107,28.0772247,77.8438853
215342,Kudhar,1010,619.0,27.9098433,78.5717631,27.9257101,78.5836199,27.89095,78.5459899
215343,Goshpur Bhupal Garhi,1010,412.0,27.8884314,78.5575676,27.9008799,78.57213,27.8776,78.54379
215344,Daukeli,1010,281.0,27.8961089,78.5802795,27.90891,78.58882,27.88968,78.57157
215346,Barauli Urf Baragaon,1010,236.0,27.8975303,78.59731,27.9050901,78.60433,27.8837999,78.58671
215348,Mahewa Kalan,1010,109.0,25.1741821,82.2515393,25.1759468,82.2553231,25.17077,82.24732
135902,Sainda,800,309.0,27.8033053,80.1456496,27.81251,80.1579701,27.7957,80.14069
215350,Harsaina,1010,482.0,27.8912654,78.5785053,27.8945615,78.5817075,27.8877625,78.5742831
215351,Harnather,1010,234.0,27.8750726,78.5533086,27.88239,78.5631701,27.8694601,78.5430199
215352,Ghinauna,1010,594.0,27.8542309,78.5632461,27.8676701,78.5791199,27.8423,78.54913
215354,Kendi,1010,237.0,27.93606,78.6132735,27.9384696,78.6159539,27.9337255,78.6120272
215356,Nameni,1010,901.0,27.9155044,78.6136282,27.9221134,78.6157393,27.9119885,78.6111796
135724,Tikariya,800,112.0,26.1839194,81.7212616,26.1905499,81.73858,26.1744001,81.70428
190786,Samogar,961,421.0,26.3362102,83.6441532,26.34509,83.6568099,26.3303599,83.63187
215435,Barkhurdar Pur,1010,215.0,27.8122421,78.6143377,27.8264799,78.61996,27.80649,78.6019401
215364,Harnathpur Urf Nagalamoti,1010,146.0,27.8777187,78.6370367,27.8877499,78.64816,27.87083,78.6301399
190790,Bahsua,961,145.0,26.3403247,83.6707463,26.3451098,83.67415,26.3366399,83.6637499
135720,Sainpur,800,377.0,27.4900397,77.9381689,27.4943001,77.9455501,27.47817,77.9267
190792,Baraon,961,209.0,26.3548433,83.6418258,26.3567951,83.6443556,26.3537189,83.6397743
215369,Rampur,1010,109.0,25.4842209,82.5916032,25.4882,82.59499,25.47884,82.5731599
215370,Naurtha,1010,345.0,27.869797,78.6547668,27.8726173,78.6570561,27.8683019,78.6517346
190795,Khudiya Buzurg,961,100.0,26.3539609,83.6800512,26.3603099,83.6919998,26.34292,83.6715701
215372,Takuawar,1010,715.0,27.8637664,78.699787,27.8649157303,78.7015056,27.8622177697,78.6986787
190797,Pakdi Tiwari,961,125.0,26.3406762,83.678722,26.34349,83.68438,26.3360501,83.6728398
215374,Gurhena,1010,196.0,27.851637,78.6710756,27.86107,78.68426,27.843,78.66447
215375,Kyampur Bahedia,1010,556.0,27.8391348,78.6597306,27.8534699,78.6687001,27.8199999,78.6485401
190800,Deopar Virsinghpur,961,286.0,26.3711255,83.6694169,26.3829301,83.6822001,26.3664999,83.6622499
215377,Dorai,1010,252.0,27.8726475,78.4087504,27.8748366,78.4127927,27.8692978,78.405304
215378,Paharpurkhurd,1010,185.0,25.6314873,83.3174755,25.64395,83.3240298,25.6138601,83.3083801
215379,Tolakpur,1010,425.0,27.8963205,78.7221123,27.91043,78.7292901,27.88488,78.7122399
190806,Ajaipura,961,317.0,26.3781743,83.6959992,26.3825401,83.70874,26.3688499,83.68931
190807,Kharesar,961,317.0,26.3664188,83.6959992,26.3716301,83.70872,26.35959,83.68725
135908,Jalalpur,800,200.0,26.3093328,82.7374115,26.3189213,82.7488807,26.296563,82.7265358
215387,Anandipur,1010,109.0,29.5787579,78.1208079,29.58506,78.1274601,29.5737999,78.1106099
190812,Bhulaipur,961,120.0,26.3472563,83.6946703,26.35335,83.70031,26.34437,83.68826
190814,Karayal Sukla,961,309.0,26.3449004,83.7079575,26.3498199,83.71222,26.339358,83.69999
190815,Talaura,961,118.0,25.3632754,79.398642,25.36945,79.40974,25.3553701,79.38863
190816,Amma Pandey,961,124.0,26.3351487,83.6866967,26.3410499,83.6928601,26.33165,83.68208
215440,Dhantoriya,1010,221.0,27.8165097,78.62885,27.8237545,78.6348236,27.8033,78.6170737
190819,Sasrao,961,105.0,26.3325599,83.6946703,26.33739,83.69987,26.32777,83.68999
190820,Bhitahan,961,141.0,26.3336739,83.7033073,26.33739,83.7088799,26.33128,83.6997101
190821,Puraina Sukla,961,155.0,26.3422464,83.6963092,26.3457656,83.7145199,26.3341299,83.69468
190822,Karayal Upadhyay,961,158.0,26.3274969,83.7132716,26.33442,83.72005,26.3247499,83.7040898
135527,Deolariya,800,404.0,28.1139706,80.2739458,28.1201399,80.28487,28.10546,80.2595599
215400,Yusuf Pur,1010,247.0,25.6269953,83.7491298,25.6405205,83.7630701,25.6171885,83.7405396
135529,Mauthikhera,800,346.0,28.0807894,80.2962385,28.1072101,80.31373,28.07126,80.2793101
190826,Bhadila Awwal,961,173.0,26.3109319,83.6375032,26.3239801,83.6546899,26.2965701,83.62105
190827,Bhadila Doyam,961,201.0,26.3222197,83.6601104,26.3313201,83.66707,26.3155899,83.6532299
135532,Rampur Madari,800,475.0,28.1177755,80.2460718,28.12596,80.25466,28.09683,80.2396501
190829,Dubauli,961,151.0,26.4654192,83.367586,26.4680567,83.3715534,26.4633314,83.3622193
190831,Mahen Babu,961,696.0,26.3169272,83.6734049,26.3211001,83.68351,26.3074299,83.66159
135536,Karaunda,800,278.0,29.453701,77.3755084,29.4647,77.38511,29.43794,77.3686001
135538,Banjaria,800,236.0,27.0728301,83.042179,27.07552,83.0471563,27.0680684,83.0379724
190835,Lovekani Ganga,961,104.0,26.3208021,83.6946703,26.3227801,83.69958,26.3161399,83.6889399
190837,Badya Hardo,961,335.0,26.3311486,83.6959992,26.3389439,83.7038115,26.3216129,83.6828442
135542,Himmatpur,800,282.0,28.7701357,77.965299,28.7813601,77.9788499,28.76345,77.9506699
190839,Parsia Chaubey,961,176.0,26.3046763,83.7292111,26.3082601,83.7343601,26.3007701,83.72372
190840,Karajaha,961,206.0,26.3327773,83.7331954,26.33967,83.74564,26.32669,83.7166999
190841,Phulwaria Bhaiya,961,196.0,26.3288892,83.7451466,26.3341099,83.74989,26.3239699,83.73693
135546,Pokhanapur,800,292.0,28.0178211,80.3073826,28.02749,80.32041,28.0064701,80.28873
135547,Pipariya Dhani,800,197.0,28.0066205,80.3129541,28.02323,80.32758,27.99243,80.29935
190844,Pipara Pandey,961,119.0,26.3220827,83.7238984,26.3257699,83.73343,26.31615,83.71889
135550,Ramalachhana,800,103.0,27.9976607,80.2683718,28.01008,80.2800399,27.9848599,80.2582699
215423,Bharsoli Jangle,1010,404.0,27.846551,78.5405304,27.85571,78.5531801,27.8380899,78.52943
190848,Bara Diksit,961,252.0,26.3055785,83.7170469,26.3104099,83.72523,26.30039,83.7129099
190849,Pachouha,961,269.0,26.2840965,83.7292111,26.2887098,83.7363101,26.28112,83.72224
215426,Esepur,1010,124.0,27.8359414,78.5518889,27.8425801,78.5598301,27.82666,78.5474799
190851,Bijauli Bhaiya,961,171.0,26.2972686,83.727883,26.30252,83.7340799,26.2934299,83.71926
215428,Mahawar,1010,432.0,27.8381227,78.5650205,27.8404517,78.5693854,27.8350297,78.562814
190853,Beldad,961,246.0,26.2956105,83.6934872,26.2987822,83.6969591,26.2929513,83.6884732
135558,Bhoorapipari,800,167.0,28.0268654,80.1902963,28.0360801,80.20101,28.0174499,80.18002
215432,Taiyab Pur Sujatganj,1010,503.0,27.8223889,78.59731,27.83554,78.6115599,27.8141,78.5899
135562,Shahpur Raja,800,737.0,27.0606976,80.8779038,27.06691,80.88543,27.0566099,80.8659699
190859,Parasia Kur,961,128.0,26.2629499,83.6827094,26.2907599,83.70916,26.25412,83.67076
215436,Himmat Pur Sai,1010,460.0,27.83887,78.6260425,27.8408407,78.6282385,27.8373778,78.6239577
135565,Mohammadisray,800,660.0,27.9720884,80.2349196,27.98199,80.25735,27.96545,80.2212
215438,Kaliyan Pur,1010,479.0,27.8238916,78.6326343,27.82688,78.6447499,27.80791,78.6224302
135567,Sisora Nakoom Pur,800,245.0,28.014619,80.1609995,28.02488,80.17331,28.00601,80.14446
135568,Khajuha,800,150.0,26.0555534,80.520229,26.058749,80.5273174,26.0493226,80.5159019
190865,Harnadih Urf Mahai Khas,961,126.0,26.3025467,83.7478021,26.30564,83.75283,26.29818,83.74406
135570,Gulariya Parwat Nagar,800,332.0,27.9966842,80.1735565,28.00472,80.1842299,27.98979,80.1595199
190867,Uttar Muhaw,961,182.0,26.2909723,83.7351874,26.29495,83.7391101,26.28686,83.7302
135572,Mohammadpur Kami,800,309.0,28.0004739,80.1456496,28.00842,80.15461,27.99117,80.1347101
215445,Wahid Pur Khalsa,1010,307.0,27.8448332,78.6412922,27.85617,78.64989,27.8365199,78.62779
190870,Harnoutha,961,126.0,26.2937267,83.7478021,26.2993,83.7518599,26.28806,83.7451599
190871,Baraka Gaon,961,568.0,26.3065204,83.7575436,26.309769,83.7777,26.2867799,83.7507
190872,Lawarchhi,961,373.0,26.2866609,83.7297135,26.2887098,83.7363101,26.283899,83.7263094
215449,Jakharudder Pur,1010,146.0,27.8160068,78.6597306,27.8247801,78.6647599,27.80726,78.6481746
190874,Deidihi,961,220.0,26.2820817,83.7504575,26.28589,83.75551,26.27621,83.7462199
135579,Bauwan,800,412.0,26.1955583,79.8730837,26.2031399,79.8802999,26.1895101,79.8638299
190876,Dhoula Pandit,961,150.0,26.2952242,83.7823133,26.3033,83.7918501,26.2915,83.7759799
190877,Bharha Babu,961,106.0,26.2893437,83.7823133,26.29303,83.78709,26.2853399,83.77485
190878,Nadua,961,231.0,27.206653,83.5657664,27.2188771,83.5746201,27.20209,83.55045
190879,Sisai Gulabrai,961,265.0,26.2755953,83.7703693,26.28074,83.77831,26.26597,83.7645299
135584,Kaurerli,800,153.0,27.9595517,80.1609995,27.96853,80.1691,27.95185,80.1522899
135585,Sisiyar,800,291.0,27.9479013,80.1400671,27.96004,80.1545,27.94037,80.12955
190882,Raipura Chacklal,961,203.0,26.2645552,83.7531127,26.2698801,83.75561,26.25875,83.74826
190883,Kotawa,961,109.0,26.9772076,83.5888569,26.9813,83.59319,26.9728101,83.57603
135588,Harana Narayan Pur,800,373.0,27.9516867,80.1121493,27.96363,80.1197799,27.94141,80.10527
135589,Baida,800,374.0,28.0581958,80.4538597,28.0598623,80.4561424,28.0569083,80.4516792
215462,Kunwarpur,1010,201.0,25.6754053,82.324841,25.677347,82.3290539,25.6718547,82.3215438
135591,Turkehtatappa Gokaran,800,212.0,27.9765421,80.155418,27.9815301,80.16098,27.96833,80.1475401
135592,Hathela Wazidpur,800,274.0,27.9730965,80.1679758,27.9801501,80.17894,27.96367,80.1594499
135580,Patheli Amirta,800,164.0,27.9677288,80.1135454,27.97643,80.1212199,27.96,80.10437
135594,Kheria Gasai,800,128.0,27.972948,80.1861116,27.97725,80.18979,27.9687899,80.1778401
135595,Magrena,800,530.0,27.9692992,80.1958755,27.97989,80.20585,27.9576301,80.18835
135596,Bichapari,800,601.0,27.577872,80.4076132,27.5835601,80.4155299,27.57308,80.3991399
135597,Suatali,800,106.0,27.9646983,80.2126109,27.97364,80.2214599,27.9604099,80.20323
190894,Tekua,961,111.0,26.3914231,83.7637327,26.3981599,83.7684401,26.3872099,83.75569
135581,Kuiyan Madarpur,800,363.0,27.9702856,80.128901,27.97992,80.1394501,27.95637,80.11879
135600,Khetahara,800,271.0,27.9524564,80.1833217,27.9592601,80.1955699,27.9461101,80.1727699
135601,Dhakhia Bhau,800,174.0,27.9545553,80.1721613,27.96007,80.1769,27.9514201,80.1670199
135602,Shanker Pur Raja,800,376.0,27.9437083,80.1623948,27.9552599,80.1727699,27.93527,80.1480099
215475,Mohanimamoorganj,1010,844.0,27.7820131,78.5291706,27.7974701,78.54041,27.7677201,78.5108299
190900,Harkhouli,961,201.0,26.3982643,83.8028782,26.40191,83.8081199,26.3924299,83.7978801
190901,Israuli,961,116.0,26.0087165,82.9246084,26.0153306,82.9305125,26.0029692,82.9186678
190903,Tarakulanan,961,242.0,26.3802438,83.7770052,26.3905501,83.78125,26.37291,83.76996
190904,Parasia Ojhha,961,122.0,26.3955351,83.7751361,26.40126,83.7812778,26.389931,83.7716099
215481,Athaiya,1010,291.0,27.7769924,78.5685693,27.7787688,78.5699165,27.7749052,78.5667623
215482,Kanar Khera,1010,294.0,27.7955443,78.4837189,27.8065,78.4934901,27.78687,78.47413
190907,Phulwaria Lala,961,142.0,26.3745958,83.7823133,26.3796001,83.7868699,26.3706599,83.77818
135612,Bahadur Nagar,800,485.0,27.8804476,78.757539,27.88493,78.76554,27.8743,78.7488301
190910,Bardiha Nathmal,961,158.0,26.3822595,83.7557679,26.3901601,83.76541,26.3747699,83.74642
190911,Badhpurwa,961,156.0,26.3735579,83.758423,26.38041,83.76224,26.36985,83.75448
190912,Bharwatia  Upadhyay,961,120.0,26.373211,83.7504575,26.3797401,83.7550499,26.3677501,83.7460199
135617,Mohammadpurdina,800,292.0,27.9114348,80.2586162,27.91673,80.27451,27.9050801,80.24503
190914,Patakhauli,961,158.0,26.5999739,83.8989777,26.60367,83.90662,26.5955601,83.8941601
190917,Bhaluani,961,805.0,26.3581419,83.775678,26.36986,83.78886,26.3527701,83.76782
190919,Karaundi,961,285.0,25.2677643,82.9743495,25.275085,82.9846769,25.262158,82.964967
190920,Nakdah Fulwaria,961,235.0,26.3695766,83.7345234,26.37498,83.74428,26.36397,83.72398
190921,Badya Fulwaria,961,467.0,26.3607592,83.7345234,26.36748,83.74127,26.35285,83.72923
190922,Thakur Deoria,961,179.0,26.3581677,83.7424909,26.36856,83.7475401,26.3516,83.73438
215459,Satpura Mafi,1010,318.0,27.803058,78.556148,27.81234,78.56649,27.7957,78.54853
135628,Tegunkhurmnagar,800,220.0,27.9225139,80.1902963,27.92849,80.20284,27.91331,80.1780901
135586,Barkhera Kalan,800,155.0,27.9569408,80.1247134,27.96203,80.1362701,27.94955,80.1178599
135630,Kaimhara,800,263.0,27.7699673,80.413178,27.78129,80.4269699,27.76301,80.40005
190927,Misrauli Urf Tarauli,961,137.0,26.3487701,83.7292111,26.3556299,83.7361801,26.34556,83.7246399
190928,Parsia Niranjan,961,102.0,26.3491181,83.7371794,26.3522799,83.74412,26.3457199,83.73553
135634,Gadamapur,800,129.0,27.8899449,80.2418899,27.8977099,80.24714,27.88457,80.23685
135635,Kunwarpur,800,230.0,25.6754053,82.324841,25.677347,82.3290539,25.6718547,82.3215438
135636,Baraincha,800,373.0,27.9284969,80.1121493,27.9429499,80.1262,27.9208601,80.0998
215509,Bhaisora Khurd,1010,310.0,27.7799809,78.6611488,27.7901701,78.6705299,27.7717599,78.6507799
135725,Danpur,800,345.0,28.1946431,78.2063123,28.198267,78.2120775,28.1906834,78.2014132
190935,Karamtar Ganga,961,191.0,26.3466419,83.7478021,26.3554401,83.7529099,26.3400099,83.74412
190936,Pipara Puran,961,109.0,26.3378235,83.7478021,26.34072,83.75224,26.33091,83.74382
135641,Bhuinhara,800,328.0,27.9313629,80.1721613,27.9360799,80.1813401,27.92381,80.16271
135642,Bujhari,800,140.0,27.9255121,80.1512317,27.93237,80.1588999,27.9197199,80.1461701
135643,Bhagnapur,800,124.0,28.3526373,79.5852768,28.3542715303,79.5867069303,28.3515735697,79.5840089697
135645,Rachhela Wajidpur,800,146.0,27.9139149,80.1512317,27.92157,80.1574398,27.9070899,80.13796
135646,Tenduakanja,800,445.0,27.9019161,80.1456496,27.91384,80.1592499,27.8978301,80.1293199
215461,Jakhaira Maheshpur,1010,610.0,27.8054166,78.5843483,27.8093082,78.5911599,27.7854099,78.56958
190944,Ruchapar,961,147.0,26.3139467,83.7564317,26.31798,83.76064,26.3080901,83.75251
190945,Karamtar Serkhan,961,322.0,26.3411099,83.7557679,26.3489399,83.75892,26.3328301,83.75167
190946,Jarar Raman,961,175.0,26.3443957,83.7637327,26.3486899,83.77079,26.3384399,83.7572099
190947,Jarar Manik,961,204.0,26.3505053,83.769042,26.35529,83.77293,26.3478298,83.7635201
190949,Kuichawar,961,125.0,26.3334011,83.7643964,26.33762,83.7687301,26.33043,83.75956
135654,Haranajat,800,233.0,27.884117,80.1400671,27.89345,80.15021,27.8763799,80.12987
190951,Pathak Khudia,961,138.0,26.3156896,83.7796593,26.31895,83.78494,26.3123599,83.77113
190952,Misra Khudia,961,168.0,26.3091067,83.7636619,26.31703,83.7664,26.3053899,83.76016
190953,Bijalapar,961,134.0,26.3090038,83.7610779,26.3151698,83.76276,26.3050399,83.7566045
190954,Amown,961,225.0,26.3188254,83.7653867,26.32134,83.7741499,26.3111,83.76064
135659,Bijauliakhanpur,800,258.0,27.8849692,80.1721613,27.89602,80.1852899,27.8794101,80.1605501
135660,Barkhera Khurd,800,104.0,27.8754695,80.1609995,27.8788699,80.1640801,27.86934,80.1530498
135661,Ajehara,800,429.0,27.8745193,80.1679758,27.8830799,80.1806201,27.8639001,80.15834
135662,Baudhikhurd,800,910.0,27.8993165,80.1902963,27.9159101,80.1998401,27.8898,80.17538
135663,Palchakkoo,800,283.0,27.9016634,80.2028489,27.90964,80.2141001,27.89144,80.1957
190960,Pipara Chaturi,961,120.0,26.3581074,83.8088474,26.36169,83.8142601,26.3519701,83.8038299
215464,Harsingh Siroli,1010,394.0,27.8055165,78.6029862,27.8141,78.61946,27.7959799,78.58557
135666,Parchhiyabela,800,144.0,27.8877167,80.1902963,27.8934,80.19883,27.87869,80.18201
135667,Bijaulisahaspur,800,678.0,27.8773112,80.2070328,27.8847699,80.2167699,27.86373,80.19432
135668,Murtijaali Nagar,800,506.0,27.8703157,80.1902963,27.88681,80.20097,27.85994,80.17461
135669,Dhkhia Jogi,800,209.0,27.8681675,80.1805318,27.8737,80.18398,27.8641,80.17442
190967,Markara,961,483.0,26.3242435,83.8075209,26.33778,83.8190101,26.3154,83.7952299
135672,Harihar Pur,800,413.0,26.6643802,83.0025643,26.6713911,83.00982,26.6584283,82.9950142
190969,Bangarouli,961,167.0,26.3233265,83.7862942,26.3307499,83.7930499,26.3118199,83.77933
190972,Bhaidawa,961,271.0,26.3120256,83.7969085,26.31835,83.8017001,26.3035301,83.7878999
190973,Tilouli,961,119.0,26.1748662,83.9254615,26.1805599,83.9301,26.16759,83.9201699
135678,Khakhin,800,198.0,27.6050151,79.6375784,27.6082499,79.6453199,27.59978,79.6229801
135679,Sawangipur,800,199.0,27.867137,80.2474657,27.8733901,80.2561101,27.8603699,80.23878
135680,Barhbhriudho,800,248.0,27.8564892,80.2404959,27.8633699,80.2511999,27.8463299,80.23169
190977,Bahor Dhanouti,961,505.0,26.3710484,83.8022149,26.38284,83.81247,26.36429,83.7932
135682,Koilajar,800,100.0,27.8681262,80.2614037,27.87087,80.26505,27.86487,80.2554899
190979,Pipara Khemkaran,961,287.0,26.3658566,83.8181316,26.37493,83.8228199,26.35974,83.8090701
135684,Balmiyan Barkhar,800,494.0,27.8866836,80.2572225,27.89961,80.27272,27.87834,80.2430299
190981,Marhawa,961,357.0,25.3729699,82.986443,25.3764699,82.9910401,25.36941,82.9825101
190982,Serwaonbhanauli,961,716.0,26.3724204,83.8340441,26.38523,83.8457601,26.36106,83.8234101
190983,Selharapur,961,147.0,26.3656641,83.8307294,26.3684078,83.8344492,26.361304,83.8268101
190984,Mahui Srikant,961,441.0,26.3554326,83.8320553,26.3577855,83.8367558,26.3526901,83.8273787
190985,Birpurmisir,961,223.0,26.3502027,83.8300664,26.3565699,83.83354,26.3465199,83.8241601
190986,Babhani Sakrapar,961,135.0,26.3411553,83.8247623,26.34855,83.83361,26.3361899,83.8182099
190987,Bijapur Ghhangtour,961,255.0,26.3385576,83.8327182,26.34645,83.84529,26.3327499,83.82523
135692,Deomaniya,800,206.0,27.9525971,80.4521216,27.95736,80.4616699,27.94647,80.43854
190990,Jigani Sonhouli,961,210.0,26.3305805,83.8181316,26.3445501,83.834,26.3197101,83.8050199
190991,Mahui Sangram,961,358.0,26.32069,83.8274144,26.3237799,83.8324,26.31459,83.81841
135696,Thorant Smith Grant,800,300.0,27.9239684,80.4159603,27.93556,80.42731,27.9095799,80.3971101
190993,Lakhana,961,274.0,26.6494505,79.1477979,26.6552833,79.1586827,26.6431626,79.1385127
135930,Kutubpur,800,133.0,29.2217257,77.5189458,29.2308801,77.5315,29.21267,77.50767
135699,Lalpur Grant,800,256.0,27.9131448,80.44795,27.9198299,80.46008,27.90371,80.43579
190996,Bhikhi Barwa,961,104.0,26.3138964,83.8061945,26.31629,83.8104901,26.3094901,83.80006
135701,Chapardaha,800,349.0,27.9131444,80.4688061,27.92448,80.47736,27.9026801,80.4469999
190998,Chakara Upadhyay,961,129.0,26.3082449,83.8115001,26.31248,83.81561,26.3016899,83.8056299
190999,Bhanu Barwa,961,108.0,26.3143535,83.8168053,26.31732,83.8233201,26.3098,83.80946
191000,Banjaria,961,135.0,27.0728301,83.042179,27.07552,83.0471563,27.0680684,83.0379724
191001,Padri Guru Rao,961,146.0,26.3056473,83.8194578,26.3111501,83.8240399,26.2980201,83.81198
191002,Kardoundi,961,122.0,26.2965983,83.8141528,26.3020299,83.8194401,26.29334,83.80743
135707,Amethi,800,308.0,26.1540538,81.814238,26.1668999,81.8282201,26.1441,81.8019
191004,Palia,961,116.0,28.4359542,80.5714465,28.44278,80.5933858,28.4237123,80.5639372
191005,Gopalapar,961,169.0,26.2867477,83.7902747,26.2933901,83.79604,26.2828898,83.7825501
135710,Sutehra,800,276.0,27.9233838,80.5118923,27.9329401,80.5228701,27.9141699,80.5034501
135941,Mastipur,800,172.0,27.7772293,80.1644373,27.7852999,80.1696199,27.77367,80.1563301
191008,Chor Mathia,961,105.0,26.3125525,83.8433246,26.3173099,83.8488999,26.30909,83.8386899
135713,Baibha,800,349.0,27.9204901,80.491047,27.9280899,80.4999701,27.90768,80.4838999
191010,Bakuchi,961,260.0,26.0363544,82.7117829,26.0424501,82.71796,26.02879,82.70791
191011,Sukarouli,961,235.0,26.3871823,83.8698323,26.39208,83.87891,26.38234,83.86507
191014,Parasia Chand,961,290.0,26.2888026,83.8380216,26.2958,83.84901,26.28253,83.8276
191015,Dhurihat,961,165.0,26.2828079,83.83537,26.28794,83.84097,26.27704,83.83071
191016,Chakra Bodha,961,154.0,26.2933152,83.8061945,26.2961,83.8151199,26.2897,83.80177
135721,Persehara,800,548.0,27.8980478,80.5021652,27.90693,80.51438,27.8858299,80.4794299
135722,Sareli,800,360.0,27.885286,80.4854873,27.89484,80.4958,27.87724,80.47407
191020,Pipra Beni,961,149.0,26.2877773,83.8141528,26.29202,83.82073,26.2820799,83.80474
191021,Garouna,961,238.0,26.2810961,83.7955818,26.2846601,83.80772,26.2697,83.7899901
135726,Ganeshpur Grant,800,336.0,27.8581869,80.5132818,27.87107,80.52115,27.8530599,80.4990399
191023,Pipra Bhulli,961,166.0,26.2755585,83.8035415,26.2800501,83.8101499,26.26981,83.79549
191025,Satrao,961,471.0,26.2765854,83.8274144,26.2820799,83.8368799,26.2739301,83.82035
191026,Gahila,961,303.0,26.2670319,83.8446502,26.27796,83.8526901,26.2577701,83.83398
135731,Palia Mafi,800,105.0,28.4934199,79.9430537,28.49695,79.9488,28.4886299,79.93719
135732,Khanjan Nagar,800,1085.0,27.8566599,80.4493405,27.8766899,80.4691501,27.84234,80.43217
135733,Rautapur,800,531.0,26.5835307,80.2864862,26.58843,80.2996517,26.57505,80.28322
135734,Dhakhia Kustaul,800,507.0,27.8508454,80.491047,27.8685501,80.5050399,27.8351399,80.4798
135736,Babauna,800,672.0,27.8372933,80.5049445,27.84773,80.52269,27.8132599,80.4864001
135737,Kakraha,800,712.0,28.1042955,81.3371911,28.1182,81.34941,28.08326,81.32355
215517,Mubarikpur Sigtara,1010,449.0,27.7412898,78.6654033,27.7506901,78.6838799,27.73071,78.6485499
191035,Bareji,961,131.0,26.4357812,83.8380216,26.4442499,83.84299,26.43262,83.83461
191036,Arila,961,423.0,26.2493868,83.8446502,26.2590799,83.8507599,26.2457799,83.8334501
191037,Kahanv,961,224.0,26.2618301,83.8605559,26.2669299,83.8730299,26.25019,83.8492499
135743,Munda Hardas,800,326.0,27.8577934,80.361689,27.86656,80.37374,27.8480401,80.35329
135747,Salahpur Grant,800,254.0,27.8703926,80.4173514,27.87797,80.4322101,27.8624201,80.4037001
135748,Bhirawan Grant,800,1084.0,27.8551114,80.4270885,27.87444,80.44131,27.8459201,80.4068601
191045,Goharia,961,175.0,26.2370009,83.8645317,26.2403399,83.87101,26.2313,83.8568201
191047,Deubari,961,174.0,26.257779,83.8174685,26.2623301,83.8207178,26.25449,83.8131599
135948,Bhanpur,800,145.0,27.0264423,82.6618468,27.03467,82.67131,27.02217,82.65759
191050,Mouna Garhwa,961,420.0,26.2552027,83.8088474,26.2597,83.81385,26.2506399,83.8039401
135607,Garabapur,800,280.0,27.941659,80.1944807,27.94643,80.2002398,27.9345101,80.1888501
191052,Barhouna Hardo,961,169.0,26.2469503,83.8221101,26.2518901,83.8334501,26.2418701,83.81038
135757,Gulhra Grant,800,287.0,27.8346028,80.4243066,27.8404701,80.4367199,27.82826,80.41378
135758,Chanwa,800,128.0,27.8334389,80.4076132,27.83798,80.41701,27.82286,80.39787
135759,Bichiya Nagar,800,163.0,27.8143185,80.4099621,27.82666,80.41644,27.8063099,80.39758
135760,Behralal,800,255.0,27.8222179,80.413178,27.83035,80.4204999,27.8112701,80.4053
135761,Khanpur Grant,800,397.0,27.8171883,80.4243066,27.8299901,80.4366501,27.80416,80.41374
135763,Ashiq Nagar Grant,800,568.0,27.7831281,80.4354337,27.8022,80.4467,27.77146,80.42358
191060,Nenua,961,189.0,26.2517064,83.8645317,26.2539906,83.8704765,26.2491216,83.8613892
191062,Baguchi,961,138.0,26.213696,83.8698323,26.2194499,83.87546,26.20874,83.8665299
135768,Rahi Paras,800,164.0,27.7738329,80.3853501,27.78197,80.3916399,27.76626,80.3786301
191065,Nariyad,961,436.0,26.203457,83.8711574,26.2099201,83.88611,26.1911699,83.86023
135770,Kaimhara,800,327.0,27.7699673,80.413178,27.78129,80.4269699,27.76301,80.40005
191067,Gorouli,961,209.0,26.196722,83.8857315,26.20411,83.8958701,26.1917401,83.8787001
135772,Hindu Nagar Grant,800,158.0,27.7564148,80.44795,27.76352,80.4534,27.7472701,80.4369799
215450,Kasganj,1010,622.0,27.8129344,78.649785,27.8220163,78.6628036,27.7873779,78.6246873
191073,Dewasia Bangar,961,459.0,26.1740391,83.8711574,26.1919001,83.88544,26.1571799,83.86726
135778,Sahupur,800,194.0,25.9910109,83.6866967,25.99836,83.7011799,25.9845901,83.67522
215483,Bharsoli Mustafabad,1010,156.0,27.7911953,78.5007657,27.80188,78.5117599,27.7840901,78.4904901
191077,Chhitupur,961,147.0,25.2646819,83.0025643,25.2684598,83.0058951,25.2597171,82.9971171
135782,Bandukhera,800,112.0,27.720411,80.3895248,27.72716,80.39462,27.7123399,80.38357
135953,Semra Janipur,800,295.0,27.8641009,80.2864862,27.8727299,80.29933,27.8557701,80.27384
191080,Narouli Khem,962,276.0,26.4012778,83.8386845,26.41025,83.8421901,26.3927701,83.83668
135787,Semrawan,800,866.0,26.7259273,81.3811839,26.73846,81.39402,26.7101901,81.36594
191085,Jadpura,962,289.0,26.3987127,83.8645317,26.40734,83.87227,26.3919901,83.85889
135790,Lohanna,800,155.0,28.4082975,80.0227514,28.42139,80.04265,28.39498,80.00949
191087,Khkhundu,962,1127.0,26.3946362,83.8380216,26.3979681,83.8411178,26.3914769,83.8342459
191089,Narouli Bhism,962,111.0,26.3913548,83.8300664,26.3959899,83.8358401,26.3881999,83.82611
135795,Achhraul,800,191.0,27.8376443,80.5521785,27.84405,80.56056,27.82482,80.5387801
135796,Rewana Temhara,800,327.0,27.8268154,80.542456,27.8364899,80.55335,27.81819,80.53346
135797,Magahi,800,458.0,27.8252683,80.541067,27.8348257,80.5478097,27.8176712,80.5316733
135798,Khundehra,800,328.0,27.8237378,80.5188396,27.82871,80.52742,27.8108199,80.5075701
135799,Sandilwa,800,488.0,27.8155625,80.5688428,27.8375999,80.57941,27.8017801,80.5574999
191096,Sukarouli,962,129.0,26.3871823,83.8698323,26.39208,83.87891,26.38234,83.86507
191097,Khirsar,962,189.0,26.3837892,83.8592306,26.3856199,83.8699799,26.38045,83.85671
135803,Jalalpur,800,296.0,26.3093328,82.7374115,26.3189213,82.7488807,26.296563,82.7265358
135804,Dhakhiya Jat,800,128.0,27.809205,80.539678,27.8160501,80.5503701,27.80382,80.5318701
191101,Surhan,962,168.0,25.3404115,82.6510449,25.3486499,82.66155,25.3317799,82.63861
191102,Sheswar,962,103.0,26.3801168,83.8764575,26.3843401,83.88094,26.3721799,83.869
191103,Khajuri Karouta,962,302.0,26.4340945,83.8671821,26.4432001,83.8741601,26.42649,83.86086
135808,Nimchaini,800,494.0,27.7822889,80.5494007,27.79194,80.5601499,27.7711099,80.53631
135809,Bajarkha,800,221.0,27.7640798,80.5591224,27.7756199,80.56887,27.75153,80.5427399
191107,Parasia Karakathi,962,569.0,26.4292361,83.8910303,26.4394001,83.9013699,26.42471,83.87869
191108,Achaula,962,139.0,26.420306,83.888381,26.4275801,83.8960799,26.4142,83.87727
191109,Noonkhar,962,870.0,26.4168011,83.8751325,26.4204866,83.8790059,26.41107,83.8704013
135814,Saraiyan,800,273.0,27.8182217,80.6077132,27.82979,80.61971,27.8031301,80.5966398
191111,Magraich,962,299.0,26.3921008,83.8817571,26.3984999,83.8960699,26.3843699,83.87315
191112,Dhanouti,962,100.0,26.3634647,83.8479642,26.3671,83.85191,26.36166,83.84416
191114,Sathiyaon,962,365.0,26.4389554,83.912221,26.44692,83.9200101,26.43339,83.9023199
135819,Kalliyarampur,800,338.0,27.782238,80.5910567,27.7972299,80.59846,27.77684,80.57278
191117,Ahirouli,962,503.0,26.4287252,83.9135452,26.4400101,83.9242399,26.41689,83.9033499
191118,Belwa Babu,962,208.0,26.4218833,83.9254615,26.4267499,83.9316,26.41463,83.91758
135823,Garhi Ibrahimpur,800,229.0,27.7535741,80.5966093,27.7592101,80.6060601,27.74945,80.58965
135824,Muraitajpur,800,336.0,27.7578651,80.5743969,27.77047,80.59461,27.75161,80.5613299
191121,Pipra Shukla,962,144.0,26.4236968,83.8989777,26.4305399,83.90401,26.4194,83.89386
135827,Sukuruddinpur,800,104.0,27.932209,80.0632713,27.9386401,80.07153,27.9273899,80.0519599
191125,Babhani,962,153.0,24.676856,83.2298555,24.67988,83.2367101,24.6741401,83.22442
191126,Pipara Devraj,962,239.0,26.4052117,83.9135452,26.4152699,83.9221301,26.39743,83.90725
135831,Sisoranasir,800,963.0,27.9156915,80.0953942,27.92913,80.11147,27.9001601,80.07626
191128,Purnac Chhapar,962,196.0,26.4117643,83.929433,26.42385,83.93816,26.40768,83.9207299
191129,Jiraso,962,165.0,26.4041354,83.9228136,26.40886,83.9294,26.39612,83.91728
135834,Nawagaonjat,800,286.0,27.8937066,80.1121493,27.90361,80.1231,27.8788901,80.0923899
135836,Sisorasahamat,800,454.0,27.8982966,80.0953942,27.9061001,80.1084301,27.8845001,80.0791301
191135,Sahopar,962,682.0,26.3745152,83.9175175,26.3842701,83.92632,26.3672399,83.91085
135840,Gauhania Alam,800,161.0,27.9152167,80.0388219,27.92021,80.04338,27.90726,80.0346501
191137,Salhapur,962,397.0,29.950096,77.3396212,29.9561894,77.3453829,29.9438999,77.3367548
191140,Mahurao,962,268.0,26.4305192,83.9559036,26.4376001,83.9676098,26.4238199,83.9499
191143,Khori Bari,962,495.0,26.4257548,83.9823627,26.4353,83.99235,26.42174,83.9633701
191144,Rampur,962,561.0,25.4842209,82.5916032,25.4882,82.59499,25.47884,82.5731599
191145,Chakara Tiwari,962,156.0,26.4114038,83.9642533,26.4145699,83.97212,26.4049999,83.96159
191146,Doomri,962,198.0,26.413962,83.9466402,26.41584,83.95061,26.41104,83.9373199
191147,Pipra Diksit,962,200.0,26.4067659,83.9506365,26.41272,83.9590801,26.4019001,83.9441599
135852,Bhurha,800,190.0,27.1682468,79.7203565,27.1814801,79.73302,27.1603101,79.71149
191149,Mishrouli,962,156.0,26.0743142,84.0372286,26.07825,84.04044,26.07182,84.0323899
191150,Mishrouli Diksit,962,303.0,26.3932738,83.9439933,26.40295,83.95581,26.3842801,83.93335
191151,Jigni Diksit,962,287.0,26.3891437,83.9506104,26.40177,83.9611199,26.38237,83.9459199
135856,Kasarawal,800,278.0,27.8817058,80.1065646,27.8864499,80.11803,27.8703599,80.0980999
191153,Jigna Mishra,962,325.0,26.3729191,83.9492871,26.3830899,83.9572999,26.36462,83.94193
135858,Bhilawan,800,193.0,27.8635018,80.0953942,27.86967,80.10161,27.8559599,80.0889398
135859,Chhapaura,800,179.0,27.8625188,80.1623948,27.8696601,80.1687799,27.8541699,80.1554
191156,Chhapia Jaidev,962,241.0,26.3688212,83.9570755,26.37227,83.9602101,26.3633999,83.9490099
135862,Sukhwasa,800,307.0,27.8521155,80.1791368,27.86007,80.19173,27.8431499,80.1665
215453,Pavsara,1010,420.0,28.5221857,77.8910321,28.53673,77.9053299,28.5125,77.8748898
135865,Kamalpur Gangasingh,800,101.0,27.843766,80.1637901,27.84943,80.1691999,27.83829,80.15646
191162,Mamatouli Kalan,962,360.0,26.3521159,83.9439933,26.35493,83.94743,26.34963,83.9383299
135867,Mahduda,800,113.0,27.8277123,80.1623948,27.8405501,80.17443,27.8223299,80.15707
135937,Ajwapur,800,404.0,27.7929975,80.2019005,27.79813,80.2127201,27.7750401,80.19379
215498,Tandoli Khalsa,1010,198.0,27.7926248,78.6044052,27.7993099,78.6147799,27.78032,78.59849
135870,Dhaduao,800,281.0,27.8377146,80.1400671,27.84963,80.1539101,27.8266901,80.13139
191167,Singhi Dih,962,251.0,26.3465704,83.9519338,26.34963,83.95878,26.34385,83.94743
191168,Nonapar,962,599.0,26.3488754,83.9717805,26.35706,83.97826,26.3431201,83.95712
191171,Bhatni Khas,962,176.0,26.3312333,83.9717805,26.3545399,83.9853801,26.32258,83.96561
135877,Kathghara,800,227.0,26.2419428,84.0345856,26.245234,84.0407752,26.2399704,84.0295851
191174,Kurmouta,962,221.0,26.3791641,83.9929431,26.38586,84.00239,26.3737,83.98311
191175,Behra Daber,962,432.0,26.3726186,83.9770718,26.38279,83.98354,26.3649499,83.96548
135880,Piprahagrant,800,125.0,27.8465046,80.1009796,27.85236,80.1160699,27.83948,80.09437
191177,Bharhe Choura,962,1050.0,26.367404,83.9929431,26.37754,84.00375,26.3545399,83.9749399
191178,Savreji,962,546.0,26.3441032,83.9982326,26.35616,84.01226,26.33546,83.98344
191179,Dhanouti,962,148.0,26.3634647,83.8479642,26.3671,83.85191,26.36166,83.84416
191180,Musaila Khurd,962,137.0,26.3689783,83.8565799,26.37308,83.8608999,26.3642801,83.85179
135885,Pipraula Mardan,800,129.0,27.8312714,80.0506981,27.83691,80.0578701,27.82305,80.0386099
191182,Musaila Buzurg,962,100.0,26.3629855,83.853929,26.36603,83.86398,26.3587001,83.8516799
191183,Parsia Bhandari,962,108.0,26.3573332,83.8592306,26.3595598,83.86411,26.3538401,83.8573501
135888,Hariharpur,800,104.0,26.6643802,83.0025643,26.6713911,83.00982,26.6584283,82.9950142
135890,Bernavan,800,262.0,27.8170985,80.0953942,27.8333101,80.1018,27.8064899,80.08223
135891,Berkheriya,800,162.0,27.8121017,80.1065646,27.8177599,80.1148301,27.8042,80.09953
191188,Tilouli Urf Dehari,962,134.0,26.3515671,83.8618812,26.3545101,83.8672499,26.3470101,83.8551101
135894,Nagra,800,115.0,25.9680187,83.8711574,25.9759758,83.8807367,25.9619267,83.8663232
135895,Baldeota,800,505.0,27.7942947,80.1009796,27.80984,80.1110801,27.7815201,80.08366
135896,Mohanpur Grant,800,157.0,27.798889,80.0842224,27.8099101,80.0976799,27.7910701,80.0725499
191193,Padari Jhilipar,962,262.0,26.3819823,83.8857315,26.38707,83.89078,26.37626,83.87873
191194,Baidwali,962,155.0,26.3851477,83.8910303,26.3930599,83.8960601,26.3767899,83.8854501
135631,Jharakhempur,800,153.0,27.9096507,80.2335255,27.91422,80.2424299,27.9051899,80.22525
191196,Barsath,962,286.0,26.3132093,83.7706767,26.31551,83.78445,26.30136,83.7656399
191197,Rajawal,962,318.0,27.7768501,77.8495921,27.7792339,77.8521467,27.7732346,77.8450871
191198,Bahorwa,962,130.0,26.1437156,83.8499526,26.1497299,83.85786,26.13722,83.8419001
135903,Mohiuddinpur,800,647.0,29.9849648,77.6435896,29.9883926,77.6481055,29.981962,77.6392436
135904,Lakhnauriya,800,112.0,27.7928511,80.1414627,27.7991,80.149,27.78767,80.13132
191202,Mahui Pandey,962,159.0,26.3712112,83.8648942,26.3731,83.86843,26.36089,83.85906
191203,Dubouli,962,122.0,26.3377496,83.9519338,26.34015,83.9569401,26.33311,83.94682
191204,Ghusari,962,145.0,26.3455645,83.9281092,26.3485899,83.93091,26.3431599,83.9243199
135909,Sonauwa,800,317.0,27.784697,80.128901,27.7944299,80.13815,27.77581,80.11214
191207,Padari Pandey,962,413.0,26.3661392,83.8830975,26.3728526,83.89651,26.3582601,83.86792
135912,Bhogipursewa Ram,800,105.0,27.7622858,80.1400671,27.7732801,80.1536001,27.7503401,80.1330599
191210,Mazuri Khurd,962,179.0,26.368186,83.906924,26.37107,83.91266,26.36368,83.90079
191211,Mazuri Buzurg,962,186.0,26.3625313,83.912221,26.3682501,83.9186999,26.3584848,83.9065601
135917,Pataun,800,196.0,27.8386498,80.2140053,27.84394,80.22385,27.8336,80.20522
135918,Dulhapur Purkisan,800,298.0,27.8340383,80.2307372,27.8404901,80.24189,27.8248201,80.2193099
191215,Majhawalia,962,122.0,26.3891421,83.8128265,26.39699,83.8223401,26.37906,83.80698
191216,Chandpar,962,262.0,26.3661445,83.9281092,26.37117,83.9307,26.3625799,83.92022
135976,Jamuka,800,232.0,26.5028862,80.541067,26.52231,80.55964,26.4913099,80.52221
135922,Chaubiya Pur,800,272.0,27.8239049,80.1902963,27.8371601,80.1994201,27.8163601,80.17919
135926,Mahamoodpur Nazir,800,276.0,27.8108278,80.2307372,27.8173701,80.23814,27.8050601,80.2250199
135939,Jasmarhi,800,342.0,27.7940958,80.1791368,27.80383,80.19379,27.78662,80.16809
215508,Barhari Lais,1010,324.0,27.7486312,78.6143377,27.76024,78.6236,27.73726,78.6034699
191226,Parsia Banshi,962,145.0,26.3430873,83.8698323,26.3472199,83.87465,26.33774,83.8639599
135932,Nawan Gaon Kishori,800,128.0,27.801093,80.1958755,27.8093201,80.2066399,27.7969499,80.1880598
135933,Rampur Ramdas,800,113.0,27.798032,80.2140053,27.8038199,80.22071,27.79298,80.2055199
135934,Siktara,800,331.0,27.0410802,78.1193823,27.05763,78.13498,27.02534,78.10072
135935,Pipraula Kunwarpur,800,196.0,27.7775214,80.2112164,27.7842099,80.2198801,27.7709099,80.20511
191233,Kodra Thakur,962,131.0,26.3547845,83.9122567,26.3575399,83.92363,26.3472801,83.9058699
191235,Padri Tiwari,962,135.0,26.3464177,83.9135452,26.35135,83.92061,26.34115,83.90131
135940,Allipupur,800,336.0,27.7888465,80.1665806,27.7958599,80.17276,27.78448,80.1583501
191237,Badhapurwa,962,172.0,26.3361834,83.9148693,26.34125,83.91927,26.33123,83.9096499
135942,Barkheriya Jat,800,591.0,27.7781242,80.1747272,27.79047,80.1919399,27.7740199,80.1676227
135945,Salliya,800,1553.0,27.7704845,80.1735565,27.77627,80.18783,27.7599801,80.15898
135946,Dhakiapasi,800,145.0,27.8483059,80.2070328,27.8555301,80.21626,27.84146,80.1957199
215511,Allipur,1010,135.0,27.6887112,78.7384101,27.6903684,78.7403871,27.6869104,78.7365676
191244,Pipra Bhanmati,962,164.0,26.3318924,83.883082,26.3359699,83.8890501,26.3242501,83.8788801
135949,Bhaunapur,800,350.0,27.8412267,80.2502535,27.8488699,80.2663199,27.8254299,80.2331301
191248,Dumwalia,962,410.0,26.3285521,83.9082483,26.3364299,83.9161699,26.32328,83.9022401
135640,Mohammadpur Kalan,800,259.0,28.2524426,78.2746658,28.26112,78.28049,28.2452401,78.2678301
191251,Tulsi Bari,962,119.0,26.3277074,83.853929,26.33288,83.85931,26.3224601,83.84827
191252,Chordiha,962,173.0,26.332401,83.8605559,26.34014,83.8680199,26.3276999,83.8530599
135618,Rampur Misra,800,288.0,28.7788335,79.2690761,28.7872401,79.27811,28.77295,79.2555499
135958,Sahupur,800,115.0,25.9910109,83.6866967,25.99836,83.7011799,25.9845901,83.67522
215513,Tilsai Kalan,1010,361.0,27.76302,78.6483843,27.7671,78.6613501,27.75326,78.64313
191256,Majhouha,962,140.0,26.3223938,83.8671821,26.33004,83.8746899,26.3172999,83.8614701
191258,Khakhari,962,332.0,26.3219406,83.8565799,26.3289999,83.86211,26.3166599,83.8511
191260,Parsia Bhagouti,962,318.0,26.3131201,83.8565799,26.3170899,83.86161,26.3083499,83.85133
215514,Kuramai,1010,762.0,27.7442587,78.6313624,27.7527599,78.6468601,27.7352101,78.6154
191263,Balepur Kala,962,283.0,26.3105196,83.8645317,26.31461,83.8706,26.3065,83.8599301
135969,Paikipur,800,117.0,27.8224973,80.2725524,27.8264,80.27498,27.81715,80.26569
191266,Rampur Buzurg,962,431.0,26.2447692,84.1126475,26.2471154,84.1144396,26.2437473,84.108823
191267,Dhan Purwa,962,167.0,26.3119867,83.8989777,26.31793,83.9053099,26.30712,83.89465
135972,Ghurha Khurram Nagar,800,395.0,27.8182138,80.2530412,27.8254299,80.26122,27.8121,80.23719
191271,Chandpalia,962,226.0,26.2926675,83.8787809,26.29539,83.8856399,26.2894144,83.8739517
191272,Ithua Caanpouli,962,225.0,26.2885498,83.8763953,26.29267,83.88891,26.28012,83.87072
191273,Chakra Gosai,962,322.0,26.2839423,83.8618812,26.28796,83.87311,26.27912,83.8502099
135978,Gadnapur,800,130.0,27.359133,79.7666227,27.3656301,79.7726701,27.3542299,79.76006
135980,Maqsudpur,800,719.0,30.1338297,77.4615923,30.14117,77.46844,30.1299699,77.4537
135981,Bhogipurmani,800,142.0,27.7948028,80.2502535,27.80196,80.25801,27.7907499,80.24168
191278,Pakri Lala,962,222.0,26.2884622,83.8989777,26.29199,83.9040499,26.2819101,83.8941001
191279,Chakbandi Urf Bimahi,962,161.0,26.315859,83.9036132,26.3194799,83.90624,26.31152,83.9014901
191280,Siswa Pandey,962,186.0,26.3183171,83.9095726,26.32504,83.91388,26.31245,83.9046601
135985,Sahjanarampur Banvari,800,171.0,27.7876468,80.2516473,27.79141,80.26154,27.78035,80.24365
135987,Dariabad Karam Husan,800,307.0,27.7536087,80.2627973,27.7714,80.2723601,27.74068,80.25276
135988,Ghaghpur,800,322.0,27.7659794,80.2530412,27.78037,80.26003,27.7511299,80.23917
135989,Sohauna,800,261.0,27.7752481,80.2404959,27.7837899,80.2504001,27.7615,80.2305
135991,Bargadiya,800,132.0,27.244484,80.7034222,27.2492,80.70952,27.2389701,80.69726
191289,Banjaria,962,164.0,27.0728301,83.042179,27.07552,83.0471563,27.0680684,83.0379724
135997,Uderha,800,458.0,27.8032495,80.3909164,27.81774,80.40936,27.79279,80.3769801
191294,Kodra Dirgah,962,148.0,26.3509616,83.9340662,26.35459,83.9372201,26.3478699,83.9295999
135999,Dhakhia Devi,800,102.0,27.8092406,80.3728245,27.81604,80.37949,27.80458,80.3644101
136000,Dhakia Roup,800,191.0,27.811363,80.361689,27.8222699,80.3818401,27.7979901,80.3498
191297,Khurdhar Khor,962,173.0,26.3334676,83.9201656,26.3379701,83.9264199,26.3298899,83.9161699
136003,Devi Bojhi,800,106.0,27.8105661,80.3296664,27.82109,80.3402701,27.80199,80.3084399
191300,Haraia Pandit,962,131.0,26.3256898,83.9274473,26.33081,83.9337199,26.31629,83.92196
136006,Kaimta Banwari,800,100.0,27.8005217,80.3519443,27.8086001,80.3601501,27.79091,80.34237
191303,Chakarwa Bahordas,962,202.0,26.313109,83.9254615,26.31646,83.92824,26.30669,83.92037
191305,Barsipar,962,763.0,26.3181348,83.9400227,26.3292498,83.94874,26.3066299,83.9280101
191307,Bindwalia Misra,962,124.0,26.3401317,83.9386991,26.34469,83.9447,26.3378798,83.9332201
135650,Baudhikalan,800,364.0,27.9035182,80.1679758,27.9131499,80.1798299,27.89667,80.1530699
136014,Khunti Buzurg,800,343.0,27.7730548,80.3742163,27.77858,80.3823501,27.7625,80.36573
215458,Talibpur Sarai,1010,111.0,27.8137678,78.5632461,27.8225599,78.57498,27.8057201,78.5538501
136016,Nadauwa,800,129.0,27.7626091,80.3909164,27.7684799,80.39724,27.75641,80.38461
191314,Banarhi,962,175.0,25.7845367,84.099966,25.79078,84.10902,25.7795799,84.09032
135651,Bhura Khan,800,143.0,27.8949677,80.1498362,27.8993099,80.1592499,27.88986,80.1425101
136020,Pharia Piparia,800,158.0,27.8028005,80.3018107,27.8118699,80.3227201,27.7873801,80.29684
136021,Semar Ghat,800,251.0,27.7907991,80.2962385,27.8051,80.30714,27.7795699,80.27971
136022,Mahua Dhab,800,156.0,27.77801,80.2795195,27.7911899,80.2913399,27.7699199,80.2705801
191319,Chouthia,962,157.0,26.323493,83.9625195,26.3315499,83.9696699,26.31885,83.95843
136024,Dhakhaura,800,272.0,27.7807596,80.3185252,27.7903399,80.32872,27.76673,80.3096199
191321,Pyasi,962,465.0,26.3126999,83.9506104,26.3170301,83.9618401,26.30586,83.9421798
136027,Pipri Aziz,800,415.0,27.7532971,80.3408061,27.76996,80.349,27.73686,80.32764
136028,Sadaarpur,800,187.0,27.7486615,80.3575128,27.75959,80.36587,27.7397501,80.3471401
136029,Khunit Khurd,800,398.0,27.7566014,80.3672569,27.7646599,80.37862,27.73509,80.35854
191327,Paran Chapara,962,146.0,26.3041754,83.9228136,26.30767,83.9329055,26.3001101,83.9145701
191328,Nadouli,962,117.0,26.3053301,83.9327425,26.3070501,83.9377799,26.3018314,83.9309601
191330,Nadawar,962,114.0,26.2946002,83.9310878,26.2967,83.93328,26.29333,83.9297701
136035,Aliapur,800,177.0,28.0674252,80.4589001,28.0688324803,80.4600556303,28.0661345197,80.4573576697
191333,Harawa Urf Aurangabad,962,230.0,26.2782674,83.9360518,26.28195,83.9407299,26.2726899,83.9320901
136038,Hairam Khera,800,236.0,27.7437894,80.3087755,27.7512299,80.3171501,27.73822,80.3015499
191336,Kasba Salempur,962,497.0,26.2808356,83.944655,26.28487,83.9510799,26.27765,83.937
191338,Deoria Urf Shampur,962,993.0,26.2839593,83.9664886,26.2884401,83.9781,26.27844,83.95342
191339,Kauria Kazi,962,136.0,26.2762177,83.9572268,26.2800799,83.96586,26.2694801,83.95069
136044,Jamunia Shaghabaz,800,273.0,27.7161109,80.3073826,27.7245601,80.32418,27.7004199,80.28822
191341,Kauria Jairam,962,144.0,26.2766315,83.9448031,26.2776599,83.94867,26.2690699,83.94014
191342,Ahirouli Lala,962,481.0,26.2694443,83.9360518,26.2744699,83.94103,26.26317,83.9305
136047,Dharma Khera,800,311.0,27.7339381,80.3338439,27.7412701,80.33965,27.7233499,80.3242501
136048,Chaukharia,800,117.0,27.7300713,80.3408061,27.73879,80.34489,27.72089,80.33717
135656,Dohra Ajitpur,800,192.0,27.879119,80.1512317,27.89067,80.16623,27.8719099,80.1432401
191346,Parsia Tara,962,197.0,26.2761908,83.883624,26.277533,83.8966601,26.26447,83.8784101
135998,Kulhoura,800,161.0,27.8127272,80.3811751,27.82029,80.38861,27.80431,80.3769
191350,Ahrouli Dhamur,962,135.0,26.2695154,83.902951,26.2799099,83.91629,26.26397,83.8962699
136055,Behra Jorawar,800,191.0,27.7122597,80.3352364,27.7251,80.34489,27.69812,80.3236201
135658,Behtiafgan,800,276.0,27.893669,80.1721613,27.89935,80.17753,27.8871899,80.1655899
191359,Dighara Sumali,962,182.0,26.2472889,83.8989777,26.25467,83.90539,26.24331,83.8957499
191362,Thakur Gouri,962,107.0,26.2083657,83.9876532,26.21549,83.99243,26.2029599,83.98096
191363,Chhapra Prayag,962,221.0,26.2442011,83.9128831,26.2478599,83.9180799,26.2417,83.9091399
191364,Thoka Banshi,962,117.0,26.2829177,83.906924,26.2872799,83.91165,26.28049,83.90168
136001,Kukurjoti,800,305.0,27.807289,80.3449831,27.81348,80.3504601,27.7993799,80.33801
191368,Hichhoura,962,141.0,26.2724779,83.9208276,26.27523,83.9230199,26.26904,83.9179
191370,Bachhaur,962,214.0,26.2689974,83.9254615,26.2752499,83.9322699,26.26417,83.92013
215460,Salempur Lala,1010,332.0,27.8075246,78.5706985,27.8092255,78.5720838,27.8058804,78.5671915
191372,Tilouli,962,285.0,26.1748662,83.9254615,26.1805599,83.9301,26.16759,83.9201699
135687,Shahpur Jagir,800,187.0,27.8762671,80.2739458,27.8881699,80.2916899,27.86286,80.2618301
191374,Urdouli,962,306.0,26.2613283,83.9353899,26.2656,83.9398801,26.2569401,83.9312999
191375,Malipur,962,145.0,26.2832248,82.648411,26.2861135,82.6547349,26.2792365,82.6451842
191377,Patrouli,962,124.0,26.2675055,83.9598732,26.27203,83.96365,26.26233,83.9550901
191379,Nad Ghat,962,303.0,26.2724168,83.9717805,26.2817,83.97815,26.2670701,83.96381
191387,Dol Chhapra,962,272.0,26.2621779,83.9731033,26.2678401,83.9821099,26.25576,83.9648399
215446,Kiloni Rafaat Pur,1010,484.0,27.8340838,78.6471864,27.8427299,78.6555499,27.8231401,78.6351699
191389,Tetari Hardo,962,108.0,26.2353406,83.929433,26.24348,83.93496,26.2307301,83.9238698
191391,Pura Dakhila,962,230.0,26.2580142,83.9439933,26.2624799,83.9480999,26.25149,83.93855
191393,Malkauli,962,232.0,26.2493017,83.9466402,26.2529498,83.94965,26.24511,83.9421
191394,Dhngara,962,143.0,26.2430847,83.9386991,26.24931,83.9425299,26.2363699,83.93008
191396,Pandepur,962,103.0,25.487958,83.1126209,25.49116,83.1166901,25.4822501,83.10992
191399,Bardiha Dalpat,962,455.0,26.2262144,83.9572268,26.2299,83.96187,26.2223,83.9534801
191401,Kairouta,962,323.0,26.268164,83.8711574,26.27929,83.8793601,26.2606001,83.8643399
191402,Mathapar,962,157.0,26.278739,83.8777825,26.2812799,83.88298,26.2748601,83.8701899
191403,Thakur Gouri,962,194.0,26.2083657,83.9876532,26.21549,83.99243,26.2029599,83.98096
191408,Pipra Ramdhar,962,242.0,26.2704838,83.877474,26.2740605,83.8821174,26.2677878,83.8746071
191410,Barthalala,962,163.0,26.2547604,83.8671821,26.25797,83.87125,26.2521901,83.8627199
136009,Amrolia,800,279.0,27.7895069,80.3811751,27.79413,80.39015,27.78197,80.37395
191418,Dighara Januwi,962,131.0,26.2466141,83.883082,26.2495399,83.8869999,26.24102,83.87851
135741,Bisarikhera,800,110.0,27.8777121,80.3561207,27.8861501,80.3614801,27.8729,80.3525499
191422,Bisouli Maphi,962,102.0,26.232133,83.888381,26.23683,83.89322,26.2269201,83.8812001
191423,Bhatouli,962,173.0,26.4762715,79.8996789,26.48344,79.9157001,26.4653101,79.88995
191424,Pipra Pathak,962,115.0,26.2263626,83.8910303,26.2317398,83.89517,26.2186899,83.88196
191426,Pipra Bagh,962,175.0,26.2144843,83.888381,26.2192699,83.8944,26.2105301,83.88414
135673,Bhogiapur,800,551.0,27.8970574,80.219583,27.9045801,80.22631,27.88965,80.21001
191428,Pipra Dawan,962,116.0,26.2086011,83.888381,26.21084,83.89597,26.2010099,83.8837098
191429,Babhaniyaw,962,139.0,26.211992,83.8989777,26.2142399,83.9029399,26.2092101,83.89375
191430,Pipra Sravan,962,121.0,26.2123283,83.906924,26.2179599,83.91113,26.20778,83.90168
191433,Indouli,962,213.0,26.2480737,83.9175175,26.2513099,83.92044,26.24516,83.9139799
135671,Kheriyamisra,800,190.0,27.8581599,80.2028489,27.8653,80.21246,27.8526099,80.19642
191438,Dhanouti Lala,962,174.0,26.2393616,83.9201656,26.24468,83.9245501,26.235,83.9140501
191440,Pipra Misra,962,463.0,26.2349848,83.9036132,26.2392699,83.9060799,26.2313699,83.9007
191445,Dharmer,962,563.0,26.1892592,83.9001661,26.1969865,83.9040145,26.1867354,83.8925387
191447,Kurawal Hari,962,274.0,26.1922952,83.9201656,26.203502,83.9301201,26.1850601,83.91531
191448,Kurawal Tara,962,146.0,26.1896881,83.9281092,26.19699,83.9350701,26.1852899,83.9216298
191453,Tilouli,962,233.0,26.1748662,83.9254615,26.1805599,83.9301,26.16759,83.9201699
191455,Devkali,962,154.0,28.2960326,80.049301,28.3004889,80.0530386,28.289398,80.0438976
191457,Jiraso,962,274.0,26.4041354,83.9228136,26.40886,83.9294,26.39612,83.91728
215463,Chhawani,1010,288.0,26.7752179,82.3811227,26.7772136,82.3843288,26.7737367,82.3768348
135676,Barwari Mang,800,333.0,27.8661463,80.2335255,27.87908,80.2455201,27.8557201,80.22321
215395,Mozampur Husan Pur,1010,499.0,27.8762435,78.8297701,27.8900401,78.8491201,27.86699,78.8161399
191468,Balia Dksin,962,322.0,26.1455166,83.892355,26.152,83.90056,26.13292,83.88093
191470,Dhakkapur,962,149.0,26.1477156,83.9095726,26.15397,83.9118299,26.14489,83.9055899
135677,Udhannapur,800,117.0,27.8808472,80.2363137,27.88423,80.24323,27.8738399,80.22913
191472,Padri Gajarat,962,145.0,26.2241134,83.9192407,26.2354801,83.92173,26.2186,83.91085
191474,Karjaha,962,198.0,26.2156058,83.9148693,26.21987,83.91949,26.21037,83.90832
191475,Itahua Misra,962,156.0,26.2107654,83.9221516,26.21467,83.9318201,26.2081898,83.91717
191476,Itahu Hajam,962,102.0,26.2089032,83.9128831,26.21501,83.9191501,26.20605,83.9060099
191478,Kundouli,962,665.0,26.1535789,83.2800342,26.1640553,83.2858199,26.1478044,83.2735216
191481,Bardiha Prasuram,962,817.0,26.2299037,83.9400227,26.2417,83.9474901,26.2178,83.92654
191482,Rautpar Pandey,962,147.0,26.216053,83.9254615,26.22241,83.9325,26.2126299,83.91811
191485,Baba Hardo,962,242.0,26.2040626,83.9201656,26.20879,83.9299501,26.20097,83.9100701
191490,Harkhouli,962,228.0,26.3982643,83.8028782,26.40191,83.8081199,26.3924299,83.7978801
191491,Ruchapar,962,113.0,26.3139467,83.7564317,26.31798,83.76064,26.3080901,83.75251
191497,Satotar,962,131.0,26.2028319,83.9433315,26.20453,83.94867,26.20003,83.93874
191499,Sarakara,962,145.0,26.1971705,83.9486254,26.1998901,83.9529,26.1925601,83.94498
191507,Sahjour,962,181.0,26.2484425,83.9611964,26.2544801,83.9665301,26.2402399,83.9548701
191510,Majhawalia,962,149.0,26.3891421,83.8128265,26.39699,83.8223401,26.37906,83.80698
191511,Bourdih,962,121.0,26.2376825,83.9588808,26.2395801,83.9652099,26.23604,83.95319
191518,Rautpar Amethia,962,615.0,26.2318314,83.9720791,26.23656,83.9822599,26.21925,83.96111
215465,Jiauddinpur,1010,367.0,27.7998217,78.6214317,27.80551,78.6297401,27.7936,78.61063
191522,Rautpar Raghen,962,373.0,26.237784,83.9876532,26.24476,83.9963099,26.22645,83.97459
215397,Mallah Nagar,1010,650.0,27.8783199,78.7844548,27.8866799,78.7976799,27.86819,78.7732599
191529,Dogari Misra,962,120.0,26.2244999,84.0041828,26.22638,84.01122,26.22127,83.99471
191530,Matiara Jagadish,962,391.0,26.2189384,83.9942656,26.2232201,84.00061,26.2092399,83.98931
191531,Thakur Gouri,962,353.0,26.2083657,83.9876532,26.21549,83.99243,26.2029599,83.98096
191532,Balwa Gouri,962,483.0,26.2042285,83.9942656,26.21584,83.9987301,26.19384,83.98094
191533,Ropan Chhapra,962,472.0,26.2015998,83.9889092,26.2055714,84.0023756,26.1988825,83.9752454
191535,Patneji,962,184.0,26.2194891,84.0074882,26.22338,84.0121301,26.2166699,84.00061
191536,Parasia Chak Lal,962,291.0,26.210883,84.0127765,26.22087,84.0224339,26.20498,84.0022001
191539,Ratanpura,962,351.0,25.9387988,83.7385073,25.94354,83.7476799,25.93225,83.73045
191541,Chordiha,962,235.0,26.332401,83.8605559,26.34014,83.8680199,26.3276999,83.8530599
191542,Sutawar,962,210.0,26.1873617,83.9866612,26.1895816,83.9884508,26.1856728,83.9845562
191544,Garhwa Khas,962,399.0,26.1929003,84.0048439,26.1972,84.0115801,26.1891,83.9983899
191546,Ukina Khas,962,154.0,26.1834126,83.9889757,26.18661,83.9941899,26.1792399,83.9775
191549,Meharouna,962,436.0,26.1752462,84.0048439,26.18011,84.0113001,26.1697799,83.9955201
215466,Tatarpur Mafi,1010,1083.0,27.7913835,78.6242691,27.80052,78.63161,27.7880299,78.61418
136032,Baikuan,800,544.0,27.7575383,80.3185252,27.7731499,80.3348999,27.74617,80.3012301
191555,Babhanuli Pandey,962,234.0,26.1813775,83.9578885,26.1840362,83.9610172,26.1794724,83.9536142
191556,Majirio,962,105.0,26.1729257,83.9492871,26.17665,83.95737,26.1695201,83.94548
215398,Shah  Pur Mafi,1010,295.0,26.7964637,84.1026062,26.79926,84.1067699,26.79357,84.0969201
191560,Bhewali,962,139.0,26.1627625,83.9175175,26.1717899,83.92963,26.15707,83.9096401
191561,Sajaw,962,502.0,26.1708429,83.9347281,26.1820099,83.94672,26.16378,83.9285699
136034,Dandaura,800,108.0,27.7617749,80.2962385,27.7677901,80.3027999,27.75344,80.2910899
191568,Bawan Pali Gosai,962,172.0,26.1496698,83.929764,26.15177,83.93207,26.14661,83.92712
191572,Sahia,962,308.0,26.1387764,83.906924,26.14496,83.9094201,26.13476,83.90221
135694,Nagra,800,576.0,25.9680187,83.8711574,25.9759758,83.8807367,25.9619267,83.8663232
191575,Majha Walia,962,126.0,26.3891421,83.8128265,26.39699,83.8223401,26.37906,83.80698
191577,Mathila Upadhyay,962,143.0,26.1459995,83.9386991,26.1487199,83.94478,26.1443301,83.9327799
135695,Bishokar,800,194.0,27.933642,80.4298704,27.9443901,80.45721,27.91381,80.41747
191580,Takia Dharhi,962,671.0,26.1377987,83.9099037,26.1388239803,83.91261,26.1361260197,83.9074101
215467,Firozpur Sihola Baksulla Khan,1010,265.0,27.8286335,78.5163894,27.83586,78.5259899,27.8222799,78.50994
191582,Kharwania,962,306.0,26.1433903,83.9466402,26.1492799,83.9552199,26.13336,83.93801
191591,Kausar,962,325.0,27.6166629,80.9843446,27.62626,80.9966701,27.61022,80.97897
191593,Khemadei,962,625.0,26.1597629,83.9863306,26.1620442,83.9915086,26.1568632,83.9817237
191594,Hata,962,344.0,26.7385509,83.7438188,26.7484813,83.756165,26.7349565,83.7325536
191595,Nadouli,962,512.0,26.3053301,83.9327425,26.3070501,83.9377799,26.3018314,83.9309601
191598,Churia,962,931.0,26.1550872,84.0154204,26.1618323,84.0188026,26.1512775,84.0112066
191599,Bankata Dixit,962,154.0,26.3094561,83.9783946,26.31614,83.9880799,26.30693,83.97404
136040,Jamunia Rana,800,238.0,27.7281161,80.3129541,27.73447,80.32275,27.7202901,80.30302
215468,Firozpur Sihola Aliyar Khan,1010,242.0,27.8204396,78.5220701,27.82509,78.53138,27.81381,78.5157499
136042,Chapartala,800,194.0,25.1352975,82.2121421,25.14065,82.2164999,25.12927,82.20516
135952,Galrai,800,373.0,27.8530599,80.2739458,27.8628899,80.2795599,27.84387,80.2559399
136045,Jamunia Jarukey,800,202.0,27.7230922,80.324096,27.7316901,80.3328,27.71185,80.3134999
135705,Jamhaura,800,603.0,27.9311259,80.497996,27.94404,80.5110301,27.9223,80.48524
215469,Birhara,1010,312.0,26.7100365,81.8033057,26.7195199,81.80947,26.70203,81.79404
136049,Gurdeo Khera,800,263.0,27.742075,80.3463754,27.7464299,80.3503999,27.7325899,80.3377499
215470,Firozpur Sihola Farjand Ali Kh,1010,197.0,27.811769,78.5220701,27.81604,78.53142,27.8035899,78.51389
136053,Lidhipai,800,394.0,27.7200166,80.363081,27.73081,80.37348,27.7035399,80.35159
135886,Kishunpur Jamuni,800,155.0,27.8220306,80.0632713,27.8314601,80.07614,27.80914,80.04688
135712,Pipri Narayanpur,800,188.0,27.1486486,80.7740912,27.1612301,80.79328,27.1401701,80.7590099
136054,Khakhra,800,1078.0,27.7076225,80.3519443,27.7170101,80.3619401,27.7006499,80.3385799
171213,Bisunapur,919,262.0,28.3098078,81.1940404,28.3141699,81.20678,28.30081,81.1838601
171214,Bardiya,919,467.0,28.3212888,81.2147035,28.32756,81.2250414,28.3126001,81.20678
171215,Fakirpuri,919,315.0,28.3112316,81.2160809,28.3160699,81.2251542,28.30139,81.20399
171217,Bajpur Bankati,919,598.0,28.2584101,81.1168494,28.2729999,81.12965,28.24742,81.1062899
215471,Karsari Hiyatgarhi,1010,348.0,27.8176501,78.5405304,27.82374,78.5509799,27.8034099,78.52753
171223,Matehi,919,287.0,28.2449517,81.1775059,28.2531701,81.1961101,28.22678,81.16553
171226,Jangal Gulariha,919,742.0,28.2231749,81.1995511,28.2296701,81.2112701,28.21971,81.19173
171231,Lalbojhe,919,395.0,28.1281974,81.2339842,28.1383799,81.24908,28.1220601,81.22502
171232,Semari Ghatahi,919,800.0,28.1259512,81.22159,28.14105,81.2372,28.10946,81.20367
171234,Mahrajsingh Nagar,919,423.0,28.1119789,81.196107,28.1139399,81.1997898,28.10846,81.1924601
171235,Dharmapur,919,240.0,25.7450789,82.7374115,25.75422,82.75159,25.7384201,82.7238801
171238,Majhawa,919,733.0,25.2155739,82.7481996,25.2260601,82.7667801,25.2007599,82.73004
171241,Amritpur,919,183.0,27.5403542,79.5975652,27.5429037,79.6003674,27.5372339,79.593029
135751,Rampur Ramdas,800,195.0,27.798032,80.2140053,27.8038199,80.22071,27.79298,80.2055199
171243,Naubana,919,876.0,28.0559702,81.2336399,28.0574193303,81.2346458803,28.0547213697,81.2319479197
171244,Majhara,919,1780.0,26.9309725,82.0870127,26.94227,82.10609,26.9159501,82.07438
171247,Semrahana,919,148.0,28.0089343,81.2986767,28.03324,81.3081999,27.9991899,81.2844801
135683,Dulhapur Chube,800,135.0,27.87373,80.2586162,27.8811601,80.26309,27.87003,80.2531301
171249,Girgtti,919,794.0,27.9903807,81.2353612,28.0066601,81.2464399,27.97791,81.2116998
171251,Bhiwrabir Ghat,919,115.0,28.0533685,81.3124341,28.07176,81.3243,28.03758,81.2953401
171252,Khariya,919,416.0,24.1141288,82.7209265,24.1352201,82.74036,24.10621,82.71196
171253,Nainiha,919,270.0,28.006902,81.3124341,28.0296299,81.3333399,27.99532,81.3024901
171254,Katraniya,919,356.0,27.9922045,81.3096828,27.9995801,81.3234301,27.9825299,81.29948
171255,Jhala,919,1382.0,28.071893,80.455424,28.0735754803,80.4564184803,28.0708775197,80.4537205197
171256,Jalim Nagar,919,1125.0,27.9784898,81.2766598,27.98538,81.29196,27.97047,81.2694999
171258,Mangauriya,919,786.0,27.9679187,81.2931731,27.98418,81.30618,27.9597001,81.27789
171259,Rajapur,919,241.0,25.3871454,81.1499406,25.3927301,81.1563492,25.378656,81.1398267
171260,Argorawa,919,610.0,28.0134895,81.4636018,28.0230099,81.4793801,27.99941,81.4534299
171264,Ghumna Bharu,919,180.0,28.1474712,81.3199996,28.1495235,81.3233203,28.1445189,81.3159642
171265,Babhaniya Fata,919,136.0,28.1113986,81.2890451,28.12151,81.2942601,28.1027201,81.28619
171266,Chitlahwa,919,269.0,28.1280107,81.3220628,28.13958,81.3330801,28.12486,81.3148301
171268,Kakraha,919,516.0,28.1042955,81.3371911,28.1182,81.34941,28.08326,81.32355
171269,Chorwa,919,868.0,28.0909964,81.3564411,28.11305,81.3746301,28.0789499,81.3468198
171270,Gaura Pipra,919,793.0,28.0906904,81.3976746,28.10008,81.4134101,28.07586,81.38226
171273,Kanjarwa,919,395.0,28.0404829,81.4306454,28.05794,81.4482599,28.0299099,81.412
171274,Songawa,919,167.0,28.052101,81.4306454,28.0594299,81.4347499,28.04662,81.4156099
171276,Gaurariya,919,373.0,28.0461263,81.4512448,28.0521701,81.46024,28.0395599,81.44338
171277,Petarha,919,470.0,27.9819771,81.3316903,27.99915,81.34472,27.9747101,81.32281
171279,Karmohna,919,420.0,28.1326918,81.3846197,28.1358978,81.3871523,28.1296922,81.3825484
171280,Parsohna,919,393.0,28.1426019,81.3921781,28.1558099,81.41278,28.1325601,81.37252
215473,Birsua,1010,254.0,27.7988813,78.5234903,27.80806,78.53682,27.79066,78.5048399
171282,Basthanwa,919,400.0,26.9357044,82.6334883,26.94178,82.6386599,26.92616,82.62325
171283,Sahoni,919,520.0,28.1493781,81.4423191,28.1515551,81.4456136,28.1434701,81.44128
171284,Chaudhari Gaon,919,979.0,28.1446738,81.4251512,28.16366,81.44022,28.1276799,81.40638
171285,Matehi Kalan,919,666.0,28.1292969,81.4114142,28.14148,81.4274799,28.10801,81.39526
171286,Puraina Raghunath,919,710.0,28.1084566,81.4031707,28.11659,81.41495,28.09671,81.39259
171287,Majgawa,919,251.0,26.7231733,82.6152516,26.72684,82.61859,26.71967,82.6113698
171290,Sarra Kalan,919,885.0,28.0985657,81.4306454,28.1139701,81.44611,28.0879401,81.41086
135727,Kasta,800,1791.0,27.8477265,80.5299541,27.8584282,80.5394841,27.8402144,80.5178546
171292,Hansuliya,919,453.0,28.0534217,81.3591907,28.06861,81.3742801,28.0426701,81.3502801
171293,Mahdewa,919,168.0,27.1201796,83.3709253,27.12781,83.37849,27.1142301,83.3625
171295,Mihi Purwa,919,1706.0,28.0315726,81.3811839,28.0410799,81.4030799,28.0181399,81.3707699
171297,Parwani Gauri,919,1241.0,28.0153379,81.3770606,28.0204,81.38406,28.00997,81.36794
171298,Ainchuwa,919,145.0,28.0018339,81.3701881,28.0157501,81.3812001,27.9938599,81.36015
171299,Joginiya,919,807.0,28.0341647,81.4457522,28.04077,81.45572,28.0263501,81.43793
171300,Visram Gaon,919,224.0,28.0367298,81.4636018,28.05178,81.4808001,28.02706,81.45392
171301,Bharha,919,147.0,26.4904638,82.6928925,26.4978999,82.69981,26.48521,82.6847299
171302,Antahwa,919,290.0,28.0261346,81.4800746,28.03653,81.49761,28.0159299,81.4621801
171306,Argorawa,919,1141.0,28.0134895,81.4636018,28.0230099,81.4793801,27.99941,81.4534299
171307,Bhagwanpur Kurmiyana,919,269.0,28.0069946,81.4759568,28.0153601,81.48651,27.99969,81.46401
171308,Chikaniya,919,270.0,27.9940051,81.4773294,28.00265,81.4910499,27.9863799,81.46028
171309,Pargahwa,919,493.0,28.0100652,81.5020328,28.02392,81.5157201,28.0025899,81.4903301
171311,Ayodhya Gaon,919,297.0,27.9861396,81.4910545,27.99338,81.5049,27.9772199,81.4796699
215452,Ahrauli,1010,851.0,28.0376652,78.2372905,28.0387566,78.2390392,28.0358304,78.2353377
171313,Katghar,919,414.0,28.8257792,78.7964874,28.8271281803,78.7978363803,28.8244302197,78.7951384197
171314,Kailashpur Jhoman Gaon,919,216.0,27.9933107,81.5130095,28.00604,81.52407,27.97673,81.49776
171315,Mohnapur Gangapur,919,222.0,27.9755356,81.5075214,27.9842801,81.5144101,27.97038,81.4953801
171316,Ahlad Gaon,919,220.0,27.9733181,81.4951716,27.98329,81.50817,27.96658,81.48649
171317,Bishun Nath Gaon,919,779.0,27.9683636,81.4855648,27.97857,81.50362,27.95334,81.46883
171318,Bakhatawar Gaon,919,590.0,27.9584376,81.5130095,27.9668,81.5229999,27.9440499,81.4950599
171319,Keshawpur Murawa,919,200.0,27.9775824,81.5171254,27.9882901,81.52575,27.9657201,81.50362
171320,Imam Nagar Gadrahwa,919,213.0,27.9751846,81.5253564,27.9856801,81.5373899,27.96781,81.51505
171321,Mirjapur Chahlwa,919,457.0,27.9594538,81.5294716,27.9718501,81.5394,27.94717,81.51543
171323,Basantpur Udal,919,566.0,27.9888544,81.5349581,28.002,81.55168,27.9732,81.51974
171324,Rampur Munna Pathak,919,218.0,27.988331,81.5500441,27.9998301,81.55943,27.97592,81.54447
171325,Dubidhapur,919,502.0,27.9854047,81.5733528,27.9935899,81.5850799,27.9717099,81.5565698
171326,Jamunha Babaganj,919,765.0,27.9669558,81.5569003,27.97892,81.56992,27.9571701,81.5464101
171327,Bargadaha Chilbila,919,463.0,27.9604679,81.54593,27.9683199,81.5546899,27.9483201,81.53189
171328,Bishunapur,919,217.0,27.408516,82.1632046,27.4250261,82.17638,27.40081,82.15033
171329,Gawarkha,919,271.0,27.9365389,81.5349581,27.94717,81.54806,27.92775,81.5198699
171330,Kalwari,919,674.0,26.633333,82.683333,26.6346819803,82.6846819803,26.6319840197,82.6819840197
171332,Madhopur Nidauna,919,290.0,28.0360214,81.54593,28.04271,81.56339,28.02581,81.52854
171334,Hathiya Bojhi,919,253.0,28.0114233,81.5239846,28.02191,81.53851,28.00137,81.5148
171336,Sheopur Mohraniya,919,228.0,28.0382345,81.5582715,28.0449743,81.568565,28.0284399,81.54655
171337,Ranjit Bojha,919,586.0,28.0260876,81.5733528,28.0370238,81.58575,28.01736,81.55739
171339,Bhagwanpur Karinga,919,594.0,28.006628,81.5404443,28.0172601,81.55116,27.9927801,81.53036
171340,Parampur,919,202.0,25.3114295,82.8707924,25.31612,82.87702,25.3088199,82.8663299
171341,Gendpur,919,456.0,27.9905433,81.5623849,27.99912,81.5682699,27.98263,81.55396
171343,Nidha Nagar Pokhara,919,262.0,28.0148016,81.5788361,28.0221901,81.58488,28.00641,81.5669399
171344,Pach Pakari,919,202.0,28.0212859,81.5898016,28.0283,81.5986599,28.01145,81.5826401
171349,Muralidhar Dadauli,919,176.0,27.9819421,81.6117277,27.9924499,81.6208599,27.97305,81.60606
171351,Rampur Husen Bux,919,359.0,27.9832796,81.6336474,27.9900734,81.6461999,27.97484,81.6250499
171360,Lakshamanpur Salarpur,919,500.0,27.9453846,81.5843191,27.9588401,81.58936,27.9361299,81.5732001
171363,Lakhahiya,919,755.0,27.9419149,81.6226884,27.9567499,81.63696,27.9266201,81.60822
171364,Jhauhana,919,106.0,27.1895754,81.9070966,27.20037,81.91875,27.1778499,81.89057
171366,Bhawaniyapur Tikuri,919,318.0,27.9317377,81.5514154,27.93767,81.56583,27.92329,81.5363199
171368,Nawwa Gaon,919,415.0,27.9094901,81.567869,27.92356,81.58373,27.8963801,81.5556298
171369,Makanpur,919,587.0,26.9018779,79.9786327,26.9125139,79.9851253,26.8916554,79.9605071
171372,Sheopur Semra,919,367.0,27.8995377,81.5952837,27.91164,81.6051501,27.88028,81.58183
171373,Jalalpur,919,464.0,26.3093328,82.7374115,26.3189213,82.7488807,26.296563,82.7265358
171374,Sheo Nagra,919,134.0,27.8836281,81.5966542,27.8917501,81.60198,27.8775501,81.5887799
171375,Chaugoie Bilaspur,919,417.0,27.9128405,81.6226884,27.92297,81.6336701,27.9052199,81.60957
171376,Hariharpur Puraina,919,291.0,27.9251382,81.6336474,27.9417299,81.64598,27.92073,81.61668
171378,Ram Nagar Gulariha,919,270.0,27.9199893,81.6446049,27.9251001,81.6528699,27.90989,81.62891
171380,Rahim Nagar,919,254.0,26.8831887,80.9643114,26.8863261,80.967594,26.880412,80.9599111
171382,Madhawapur Raghunath,919,319.0,27.8957272,81.6281681,27.91142,81.63685,27.88251,81.61487
171384,Jamunaha Naubasta,919,318.0,27.8827596,81.6062468,27.8953,81.6116699,27.8718099,81.5936301
171385,Mansor Nagar Saie Gaon,919,212.0,27.8744016,81.588431,27.88293,81.59841,27.8642501,81.57433
171389,Majgawa,919,350.0,26.7231733,82.6152516,26.72684,82.61859,26.71967,82.6113698
171390,Fultekra,919,252.0,27.9588586,81.7103155,27.9702401,81.72642,27.9452,81.70099
171391,Gulariha,919,403.0,27.0140035,83.2318634,27.01926,83.2430399,27.00483,83.2213999
171393,Lakshamanpur Lahsorwa,919,180.0,27.9244059,81.7417812,27.9332201,81.74594,27.9166601,81.7345901
171397,Sirsiya,919,484.0,27.7840913,82.1033464,27.7944101,82.11196,27.77666,82.0884199
171398,Bhagat Purwa,919,104.0,27.103031,83.0502083,27.1063502,83.0574173,27.0964387,83.0488836
171399,Bhagtapur,919,145.0,27.7431194,81.6062468,27.75851,81.62012,27.7321299,81.59512
171401,Ganeshpur Nimnahara,919,148.0,27.9045346,81.6774675,27.91016,81.6881899,27.8981301,81.6609
171403,Mirjapur Tilak,919,582.0,27.89685,81.6706223,27.90253,81.6890401,27.8897,81.6587401
171404,Chaugorwa,919,1071.0,27.8860906,81.661038,27.89707,81.6716101,27.88057,81.64046
171406,Govindpur Pandit,919,526.0,27.8824742,81.6733604,27.8934201,81.6823701,27.87175,81.6572699
171407,Bankashahi,919,466.0,27.888738,81.7048419,27.89627,81.7118799,27.88054,81.67802
171408,Viraie Gaon,919,140.0,27.9003716,81.7048419,27.91057,81.7174501,27.89221,81.6881
171409,Chanaini,919,321.0,25.2928396,81.9384779,25.29797,81.9457901,25.28782,81.9341801
171410,Satijor,919,638.0,27.8822606,81.6938933,27.8914801,81.7051,27.8708199,81.6823701
171414,Khairisamaisa,919,369.0,27.893068,81.30418,27.90552,81.31538,27.88584,81.29311
171422,Balsinghpur,919,1195.0,27.3677697,81.0064442,27.3827601,81.01542,27.3543801,80.99391
171423,Lagdiha,919,259.0,27.941649,81.3371911,27.9503599,81.34891,27.9339901,81.31964
215512,Tawalpur Mosampur,1010,415.0,27.7678641,78.6370367,27.7838099,78.6461301,27.75772,78.6286099
171426,Daljit Purwa,919,786.0,27.9026943,81.3646896,27.9101601,81.37804,27.8912599,81.3486399
171428,Baraiya Kalan,919,662.0,27.8982605,81.3866812,27.91487,81.3988601,27.8855999,81.37186
171432,Rajapur Kalan,919,967.0,27.734385,81.3701881,27.74464,81.37983,27.7248201,81.35869
171433,Gulra,919,470.0,25.9372726,82.5551037,25.94056,82.5636999,25.93335,82.55021
171435,Gayaghat,919,2278.0,27.9936598,81.4251512,28.0079999,81.43679,27.98133,81.41243
171436,Bhaluhiya Hulas,919,103.0,28.0100676,81.4320188,28.0176201,81.4365399,28.0036299,81.41696
171437,Puraina Bhawani Bux,919,652.0,27.97657,81.4306454,27.98879,81.4481099,27.95997,81.4169699
171438,Sarramundari,919,1536.0,27.9447763,81.4333923,27.96106,81.45394,27.9353799,81.4215499
171439,Nibiya Ray Bojha,919,119.0,27.9663166,81.4526179,27.97349,81.4605799,27.96106,81.44544
171440,Lakshmanpur Matehi,919,619.0,27.9499043,81.4690932,27.96427,81.48425,27.94009,81.44801
171441,Amwa Husenpur,919,183.0,27.9394763,81.4649747,27.94679,81.47793,27.9274699,81.44803
171442,Ghurghutta,919,1195.0,27.931442,81.4526179,27.94053,81.47356,27.91854,81.4341301
171443,Kola Jhinsiya,919,107.0,27.9263131,81.4402591,27.93835,81.45,27.91636,81.4239499
171444,Maholi Sher Khan,919,217.0,27.9184476,81.4306454,27.9353799,81.44964,27.9056899,81.4179799
171445,Saraiyan,919,973.0,27.8182217,80.6077132,27.82979,80.61971,27.8031301,80.5966398
171447,Girdharpur,919,900.0,28.7177747,79.4619506,28.7268725,79.4790459,28.7055699,79.4467734
171448,Amba Pokhar,919,865.0,27.9461332,81.5020328,27.95731,81.5198699,27.9352199,81.4870799
171449,Madhuban,919,583.0,26.1660219,83.6853676,26.1756211,83.6947918,26.1579803,83.6723684
171451,Tulsipur,919,257.0,27.5246311,82.4156829,27.5434331,82.4276846,27.511649,82.4021776
171452,Bhaluhiya Bharat,919,353.0,27.9064539,81.5184973,27.91589,81.5307101,27.8961899,81.50686
171453,Hara Basehari,919,591.0,27.8948246,81.5184973,27.90378,81.5301999,27.88195,81.50837
171454,Newada Nanhujot,919,170.0,27.9139979,81.4759568,27.9208,81.48322,27.9068499,81.47105
171455,Rajwapur,919,407.0,27.9218605,81.4855648,27.93234,81.49507,27.9101101,81.4729801
215444,Narauli,1010,496.0,28.4840328,78.7107731,28.4902306,78.7188005,28.4794049,78.7042093
171457,Bahadur Purwa,919,333.0,27.8974057,81.4896821,27.9138799,81.50038,27.88025,81.48045
171458,Keshawapur,919,683.0,26.8285016,82.2705508,26.8340199,82.2743599,26.82558,82.2640199
171461,Bhopatpur Belwa,919,538.0,27.8867941,81.5061493,27.89649,81.5152401,27.8749701,81.4987
171464,Patrahiya,919,1017.0,27.8750147,81.4333923,27.8904101,81.44466,27.85925,81.4112501
135756,Semra Grant,800,336.0,27.8446635,80.4229156,27.84827,80.43775,27.83798,80.4119299
171466,Kakraha Bodhawa,919,571.0,27.8609903,81.4416324,27.8765699,81.4532801,27.8449601,81.43325
171468,Nanpara Dehati,919,3475.0,27.8756851,81.4910545,27.88624,81.50678,27.8623401,81.4741301
171470,Meharban Nagar,919,497.0,27.8465923,81.5143815,27.85581,81.52613,27.83908,81.50072
171471,Majhauwa Bhulaura,919,975.0,27.8489754,81.5294716,27.86231,81.5458899,27.83249,81.521
171473,Koyalahwa,919,256.0,27.794804,82.0870127,27.8052899,82.09887,27.7869201,82.0751
171474,Gulalpurwa,919,408.0,27.8253709,81.5239846,27.83908,81.53631,27.81692,81.50864
171475,Siletanganj,919,529.0,27.8188782,81.5130095,27.82726,81.5249899,27.8085701,81.5026601
171477,Imaliya Gangapur,919,376.0,27.8900235,81.5349581,27.89868,81.5474701,27.87671,81.52622
171478,Parsa Agaiya,919,704.0,27.9023283,81.54593,27.9204999,81.5640099,27.8898499,81.5272899
171479,Lakhahiya Kalan,919,670.0,27.8855564,81.5569003,27.90346,81.57335,27.87175,81.54249
171480,Siswara,919,465.0,25.9334718,82.8741572,25.9350066,82.8761172,25.930935,82.8710961
171481,Lal Bojhi,919,383.0,27.4097358,82.0815673,27.4216699,82.09325,27.3946001,82.0629001
171486,Pathak Purwa,919,480.0,27.8051629,81.2931731,27.81063,81.3036999,27.7952499,81.2826301
171488,Arnawa,919,991.0,27.8667354,81.3014284,27.87696,81.31426,27.8490501,81.2850301
171490,Newada Pure Kasbati,919,581.0,27.8715822,81.3784351,27.8912599,81.38777,27.8567099,81.35772
135691,Bhikhampur,800,556.0,26.5409834,83.8675134,26.5425552,83.8685025,26.5395415,83.8656056
171494,Sohbatiya,919,1043.0,27.8411484,81.4031707,27.85686,81.42214,27.83304,81.38905
171497,Sankalpa,919,290.0,28.0261062,81.5500441,28.0324199,81.55924,28.02081,81.54346
171498,Bahorikapur,919,517.0,27.825755,81.4361391,27.83926,81.4521599,27.8217401,81.41734
171499,Kotwa,919,389.0,25.7914492,84.4835396,25.7932839,84.4859362,25.7892266,84.481387
171500,Yakghara,919,450.0,27.8390852,81.3701881,27.86516,81.38934,27.8312399,81.35054
171501,Saiyad Nagar,919,679.0,27.8343026,81.3866812,27.8566,81.39875,27.8234999,81.37505
171503,Valdu Purwa,919,343.0,27.8202596,81.3481917,27.83281,81.3631599,27.8066499,81.3322099
171505,Ambarpurwa,919,333.0,27.7915254,81.3536914,27.7995701,81.35944,27.7759599,81.33173
171506,Gujrati Purwa,919,236.0,27.80179,81.3550663,27.8086701,81.3711199,27.7922999,81.34151
171508,Laukiha,919,850.0,28.0455279,80.814248,28.0565899,80.8231299,28.0386001,80.80839
171510,Rakhauna,919,588.0,27.6388002,80.7907103,27.6544501,80.8004699,27.6274999,80.77741
135764,Kurram Nagar,800,508.0,26.8858653,80.9719108,26.8918829,80.978052,26.8821101,80.9638559
171514,Nakha,919,896.0,28.0347687,80.6622226,28.04357,80.66988,28.02076,80.6425299
171515,Nakhi,919,275.0,27.8144636,81.4416324,27.82267,81.4514501,27.80828,81.42833
171516,Chaugoie,919,285.0,27.8014611,81.4430057,27.81074,81.4570201,27.79237,81.4341
171517,Alinagar Kalan,919,813.0,27.8014638,81.4196567,27.80711,81.4410699,27.78927,81.4108201
171518,Laluhi,919,674.0,27.7843546,81.4251512,27.7938701,81.4441801,27.7765401,81.4108701
171520,Pathar Khurd,919,199.0,27.7802422,81.4526179,27.7915501,81.4629999,27.77303,81.43668
171521,Sadhuwapur Gokulpur,919,413.0,27.7775096,81.4320188,27.78161,81.4423599,27.77101,81.4236999
171522,Pathar Kalan,919,282.0,27.7720359,81.4141618,27.78121,81.4326399,27.7591,81.39883
171523,Chahlar,919,302.0,27.7604003,81.4141618,27.7667101,81.4229501,27.7525401,81.39725
135624,Bhanpur Banwari,800,358.0,27.9331607,80.1972702,27.94241,80.2048599,27.92544,80.19051
171525,Dhanawa,919,488.0,27.0362782,81.6829431,27.04535,81.6984499,27.0298399,81.67391
215297,Banupur Pukhta,1010,172.0,27.9400619,78.7093556,27.94352,78.71969,27.9325899,78.7009
171529,Masudnagar Basthanwa,919,429.0,27.7528488,81.4800746,27.7669701,81.49347,27.73479,81.4720501
171530,Manikpur,919,310.0,25.0698727,81.1030573,25.0768922,81.1105155,25.0574556,81.0885428
171534,Pakra Dewariya,919,380.0,27.7425641,81.5020328,27.75593,81.51911,27.7286399,81.48879
171535,Maina Newariya,919,455.0,27.7360684,81.4910545,27.74623,81.50851,27.7194701,81.4830599
171536,Jhalan Kalan,919,565.0,27.7199597,81.5130095,27.7317299,81.52418,27.70642,81.49631
171537,Mogariha,919,451.0,27.7127888,81.4910545,27.7306101,81.4990399,27.69684,81.48437
171538,Piprahwa,919,189.0,27.4429867,83.1277057,27.4449917,83.1294681,27.4416307,83.125584
171539,Masupur,919,479.0,27.8629651,81.567869,27.8684901,81.57649,27.84718,81.56196
171540,Barie Para,919,435.0,27.8499868,81.54593,27.8592901,81.56133,27.8428099,81.53316
171541,Huseni Purwa,919,435.0,27.8451793,81.5623849,27.8599399,81.5732899,27.83691,81.5575601
171542,Barehara,919,682.0,27.8520031,81.5788361,27.8719299,81.59054,27.84156,81.57194
171543,Jamunaha,919,300.0,27.8865352,81.7650299,27.8968941,81.7758752,27.8795975,81.7582369
171544,Bhawaniyapur Ramgari,919,436.0,27.8386899,81.5514154,27.8460301,81.5630499,27.8243899,81.54002
171545,Bangaie,919,123.0,27.8221037,81.5418158,27.83249,81.5489901,27.81257,81.53554
171547,Mohraniya,919,101.0,27.7240906,80.4006566,27.7368,80.4089999,27.71493,80.3926499
171548,Dhanauli Khurd,919,283.0,27.7866911,81.5335865,27.79711,81.54629,27.7760599,81.5188501
171549,Gaura Dhanauli,919,575.0,27.7969573,81.5349581,27.80096,81.5554,27.7825299,81.5274699
171550,Nibiya Begampur,919,493.0,27.7924843,81.5569003,27.7979,81.5753901,27.7811101,81.5489901
171551,Bhaukhara,919,1113.0,27.775028,81.5569003,27.7864101,81.5686301,27.7617601,81.53977
171552,Elaspur Agalya,919,713.0,27.7705495,81.5788361,27.78299,81.59396,27.76041,81.5620901
171553,Jamaluddin Jot,919,300.0,27.7597794,81.56924,27.76961,81.58424,27.75318,81.5567099
171554,Khudad Bhari,919,486.0,27.7544926,81.5541579,27.7626899,81.5649601,27.7395101,81.53747
171555,Paraspur,919,679.0,27.0346896,81.7800692,27.0450953,81.7887807,27.0264858,81.7715279
171556,Kaggar,919,481.0,27.8034486,81.54593,27.8135701,81.55396,27.79188,81.5370499
171557,Parsa Khargaman,919,325.0,27.8041209,81.5569003,27.81257,81.56526,27.7963999,81.54767
171558,Samokhan,919,593.0,27.7993092,81.5733528,27.81467,81.57946,27.78739,81.55903
171559,Amwa Molbi,919,860.0,27.8112808,81.5788361,27.82141,81.60106,27.79798,81.5612299
171560,Lila Para,919,518.0,27.8217134,81.5829484,27.8323799,81.60184,27.80799,81.5668
171561,Bhadwara,919,553.0,26.1141996,80.2704621,26.1160646,80.2736047,26.1124033,80.2682167
171562,Pure Ramdin,919,261.0,27.85849,81.5898016,27.86931,81.6019599,27.85496,81.5830201
171565,Ali Nagar Khurd,919,474.0,26.7313607,80.9304508,26.74116,80.93817,26.72474,80.91894
171566,Ram Batti,919,427.0,27.8290693,81.5843191,27.84668,81.59882,27.82396,81.5784799
171567,Lakshamanpur Shankarpur,919,682.0,27.6997939,81.4690932,27.71948,81.4871799,27.69367,81.4566999
171569,Madara Gari,919,677.0,27.8259225,81.6281681,27.8336301,81.6367701,27.81866,81.61415
171570,Moharba,919,1175.0,27.8043917,81.6089873,27.81859,81.63083,27.78483,81.59362
171572,Kalpi Para,919,155.0,27.5921736,81.6377566,27.60013,81.64538,27.5841901,81.6291901
171574,Maharatha,919,370.0,27.288907,82.9030872,27.2958901,82.9062299,27.2851,82.89932
171575,Bhagwanpur Katghara,919,565.0,27.7809235,81.6341567,27.78856,81.66421,27.7673,81.630726
171576,Tula Majhauha,919,208.0,27.766692,81.6350172,27.7716601,81.6423499,27.75841,81.6319801
171577,Amwa Jauhar Sisaie,919,347.0,27.7499385,81.6226884,27.75983,81.6353799,27.73903,81.6079199
171578,Karijor,919,140.0,27.7550515,81.6350172,27.7615901,81.64291,27.74542,81.6226701
171581,Bulbul Newaj,919,657.0,27.7789101,81.5966542,27.7886899,81.6034599,27.7669801,81.58147
171584,Bhagtapur,919,540.0,27.7431194,81.6062468,27.75851,81.62012,27.7321299,81.59512
171585,Bisunapur,919,597.0,28.3098078,81.1940404,28.3141699,81.20678,28.30081,81.1838601
171586,Dihwa,919,567.0,25.9918563,83.9479637,26.0038898,83.97176,25.98425,83.93147
171587,Lakhaiya Jadid,919,449.0,27.7409489,81.6665149,27.7502,81.6775499,27.73241,81.6577101
171588,Gondaura,919,236.0,27.1361794,81.5952837,27.14647,81.6051899,27.1306199,81.58308
171589,Charsanda Mafi,919,311.0,27.7623818,81.5404443,27.7704001,81.55009,27.75278,81.5317601
171590,Karaunda,919,516.0,29.453701,77.3755084,29.4647,77.38511,29.43794,77.3686001
171591,Padari Tara,919,391.0,27.7466011,81.567869,27.75659,81.57641,27.73297,81.54601
171594,Maharu,919,262.0,27.7349607,81.567869,27.7430201,81.5811201,27.72652,81.55505
171596,Bhopatpur Chauki,919,584.0,27.7216427,81.5404443,27.72799,81.55251,27.7113699,81.52348
171597,Bhaisaha,919,390.0,26.7134975,83.5123514,26.7276901,83.5358999,26.69408,83.50512
171598,Rampur Baraie,919,520.0,27.720911,81.5760945,27.73095,81.5950001,27.70336,81.5655201
171600,Hundarwa,919,115.0,27.7088583,81.6172083,27.71454,81.62183,27.7013701,81.61057
171603,Babhani,919,286.0,24.676856,83.2298555,24.67988,83.2367101,24.6741401,83.22442
171606,Husenpur Mohammadpur,919,246.0,27.6645659,81.5829484,27.66821,81.5911701,27.65846,81.57245
171607,Bhaluwa Bhakuraha,919,403.0,27.6592805,81.567869,27.6711101,81.58257,27.64985,81.5561
171608,Parsa Kodi Khan,919,194.0,27.7222061,81.6213184,27.72886,81.6286401,27.7144901,81.6153601
171609,Uttampur,919,186.0,27.8187136,77.841731,27.8201951,77.8443683,27.8172915,77.839669
171610,Narsingh Diha,919,405.0,27.7202913,81.6377566,27.7321099,81.64989,27.71117,81.6306199
171613,Majhauwa Mujehna,919,230.0,27.6961743,81.6240583,27.7050201,81.63888,27.6805801,81.60777
171615,Kamla Jot,919,312.0,27.6820671,81.6555607,27.6892401,81.6624,27.67707,81.64561
171617,Ramwapur,919,256.0,27.4867969,82.634839,27.4961201,82.64981,27.4670999,82.6159101
171618,Bahboliya Mahada,919,741.0,27.7111795,81.6555607,27.7205501,81.67317,27.69985,81.64095
171619,Patna Ghusiyari,919,387.0,27.7125006,81.6774675,27.72172,81.6926799,27.70017,81.66417
171620,Rampur Kabula,919,473.0,27.6979968,81.6541913,27.7044699,81.66825,27.68789,81.64101
171621,Khairi Dikauli,919,237.0,27.6897587,81.6624072,27.70017,81.67404,27.68464,81.65559
171623,Utghaniya,919,373.0,27.7079953,81.6993678,27.7160701,81.7153501,27.6948,81.6861799
171625,Acharaura,919,494.0,27.6827277,81.6665149,27.68917,81.68049,27.6692799,81.65546
171626,Nibiya Husenpur,919,350.0,27.6714635,81.6487135,27.6780501,81.6592601,27.6672099,81.63895
171632,Dakia,919,282.0,28.4638969,78.9726588,28.4675217,78.9777947,28.4589198,78.9670657
135784,Mainhan,800,382.0,27.811489,80.4970454,27.81505,80.50707,27.7919301,80.4869199
135593,Dhamaula,800,563.0,27.9623026,80.1791368,27.96961,80.1911599,27.95783,80.17051
215417,Bhamon,1010,301.0,27.851275,78.5107083,27.8591199,78.5231599,27.84073,78.4946399
215318,Pathak Pur,1010,184.0,26.0057614,81.5133525,26.0074145,81.5149606,26.0037408,81.511656
215443,Sohbat Bhoodh,1010,160.0,27.8710822,78.6441291,27.8778,78.6546,27.86215,78.6358598
215447,Mamon,1010,517.0,27.8269472,78.6696576,27.8332899,78.6806601,27.8208999,78.66018
215319,Baghelapukhta,1010,263.0,27.9111484,78.7617893,27.91679,78.7694,27.8989499,78.75036
135789,Tendhuwa,800,437.0,27.7916346,80.4743669,27.8027201,80.48285,27.78185,80.4476
215486,Salempur Piroda,1010,500.0,27.7701112,78.5078677,27.77757,78.51479,27.7654799,78.50099
135629,Gulauli,800,552.0,26.2735552,80.005979,26.2853101,80.01993,26.26241,79.99712
135791,Rannupur,800,124.0,27.7390809,80.5757853,27.7431099,80.5834399,27.7349899,80.56873
135793,Darinagra,800,737.0,27.8341238,80.5855038,27.8493801,80.60654,27.8239501,80.5750598
135766,Parsehara,800,239.0,27.7645198,80.5021652,27.77519,80.5176699,27.7511199,80.48875
215283,Allipurbarwara Pukhta,1010,252.0,27.9711213,78.6483843,27.9822499,78.66834,27.95536,78.6311
135800,Pipra Jhala,800,275.0,27.8047093,80.5799505,27.81332,80.5879699,27.7944301,80.5658
135801,Karmani,800,446.0,27.8170835,80.5910567,27.8304299,80.59969,27.8106099,80.57625
215420,Tawal Pur,1010,334.0,27.8581101,78.5405304,27.8645001,78.55772,27.84613,78.5324999
215489,Kutubpur,1010,116.0,29.2217257,77.5189458,29.2308801,77.5315,29.21267,77.50767
135807,Chataura,800,187.0,27.7902155,80.5591224,27.7963899,80.5674799,27.7862501,80.55277
215454,Paharpur Mafi,1010,120.0,27.7977997,78.6668214,27.80227,78.6725699,27.79339,78.6603399
135769,Kharehna,800,158.0,27.7732555,80.3978738,27.78117,80.4040798,27.76308,80.3894701
135811,Khantadesu,800,347.0,27.7706213,80.5910567,27.7797499,80.60268,27.7630799,80.57939
135813,Datelikalan,800,534.0,27.8073643,80.6188156,27.8158399,80.62878,27.7939201,80.60742
135815,Avgawan,800,518.0,27.7996616,80.5910567,27.8130299,80.60783,27.79208,80.5797299
135818,Orahara,800,324.0,27.7833752,80.6077132,27.7979,80.6210201,27.7699201,80.5977001
215349,Mahewa Khurd,1010,125.0,25.1708097,82.24339,25.1752143,82.2485399,25.1624401,82.2379999
135754,Kaluwa Moti,800,728.0,27.8376877,80.3853501,27.8475499,80.40393,27.81932,80.36709
215424,Dholna,1010,816.0,27.8430918,78.5380455,27.8452946,78.5398006,27.8407315,78.535257
215472,Mubarikpur Mafi,1010,303.0,27.8065635,78.5462098,27.8183699,78.5582699,27.79864,78.53587
215493,Kantaur,1010,982.0,27.7588197,78.5068024,27.7606083,78.5093737,27.7568488,78.5045457
135829,Machhechha,800,310.0,27.9251312,80.0856189,27.9322101,80.095,27.91629,80.0730399
135830,Mundiaahban,800,116.0,27.9317363,80.0967906,27.9370599,80.10283,27.92594,80.09083
135569,Kehuwa,800,150.0,27.9992341,80.1889014,28.00777,80.1952699,27.99294,80.17987
135653,Khandeora,800,220.0,25.4241575,81.4017967,25.4293499,81.40593,25.42141,81.39594
215366,Badanpur,1010,275.0,27.7919972,77.7766767,27.8074401,77.7877101,27.77953,77.76492
215495,Tikampura,1010,182.0,27.7544299,78.5277506,27.7619399,78.53342,27.7476701,78.5241099
215367,Bhidauni,1010,310.0,27.7579367,77.6944104,27.7595735,77.6981449,27.7549924,77.6917772
135911,Ukermohan,800,191.0,27.7746918,80.1512317,27.78134,80.1609601,27.7649601,80.1374899
215368,Agoli Kiramai,1010,282.0,27.8747612,78.6710756,27.8860701,78.6911699,27.86498,78.6620399
135841,Mohammadpur Tajpur,800,330.0,27.91205,80.0451095,27.9190399,80.05561,27.8974299,80.03397
135571,Nakera,800,244.0,28.0070732,80.1568134,28.0137,80.16875,27.99778,80.1430199
135844,Manakhera,800,405.0,27.9024796,80.0730491,27.91107,80.08433,27.8907401,80.0637399
215510,Bhaisora Buzurg,1010,416.0,27.7702112,78.6654033,27.78323,78.6758801,27.7615701,78.6524299
215376,Loharre,1010,115.0,27.8358548,78.6724937,27.8457601,78.68714,27.81979,78.6649201
135847,Bachgawan,800,345.0,27.8622917,80.0786359,27.8772299,80.09294,27.85306,80.0643899
135848,Harikhapur,800,101.0,27.8501498,80.0912049,27.85765,80.09889,27.84402,80.08318
135623,Basbirwa,800,133.0,27.9295093,80.2070328,27.9370399,80.21382,27.92179,80.19968
135850,Mundia Churaman,800,177.0,27.8771131,80.1233175,27.8923199,80.1338699,27.87357,80.11562