village_code,village_name,subdistrict_code,num_households,centre_lat,centre_long,ne_lat, ne_long,sw_lat,sw_long
143688,Dharmawat Khera,822,114.0,26.7045146,81.0133491,26.7116301,81.0180099,26.6979201,81.01033
143703,Bheelam Pur,822,160.0,26.6124501,80.9442732,26.62024,80.9509,26.60703,80.93861
122957,Larauta,757,416.0,27.7296032,78.0509282,27.7382401,78.0637001,27.7179201,78.03275
122905,Vigheypur,757,576.0,27.7569879,78.0338078,27.7711799,78.0495499,27.74613,78.02144
122907,Sighar,757,276.0,27.7705304,78.0566344,27.7845,78.07516,27.76385,78.04411
143689,Dharamgad Khera,822,131.0,26.6990213,81.0188725,26.7038101,81.0293801,26.6934801,81.01084
122912,Dedamai,757,344.0,27.7605481,78.0580609,27.76641,78.06556,27.74709,78.04753
122913,Jasrana,757,300.0,27.2306399,78.6540576,27.2482736,78.6606559,27.2219009,78.6406212
122914,Susayat Khurd,757,165.0,27.7551917,78.0794561,27.77099,78.09727,27.75068,78.0716899
122916,Susayat Kalan,757,305.0,27.7509033,78.0965691,27.75975,78.1114901,27.73589,78.07796
122918,Mamauta Kalan,757,614.0,27.7581649,78.1136794,27.7659701,78.1315801,27.7517499,78.10327
122920,Tatarpur Mauharia,757,175.0,27.7455386,78.1179566,27.75275,78.1251099,27.7394999,78.1118
122921,Naujarpur,757,120.0,27.7518096,78.1236592,27.75525,78.13189,27.7439699,78.1150699
122922,Basai Kazi,757,448.0,27.7601417,78.1364889,27.77121,78.14135,27.74668,78.1229099
122923,Nagla Loka,757,197.0,27.7444222,78.1300742,27.7498499,78.1352501,27.7395299,78.1251099
122924,Sikur Akbarpur,757,624.0,27.737034,78.1364889,27.74804,78.16261,27.7265201,78.1283599
122925,Nadauna Nagla Lachhi,757,437.0,27.7553517,78.1478918,27.77147,78.16216,27.7449201,78.1377799
122926,Khitauli Katailiya,757,525.0,27.7489018,78.1735438,27.7655399,78.1844301,27.7365601,78.1526899
143709,Paraspur Thaththa,822,243.0,26.595652,80.9788187,26.6037301,80.9893301,26.58764,80.9694301
122929,Nagla Kashi,757,123.0,28.5844296,77.6750869,28.5906201,77.68257,28.57784,77.6671399
122932,Jalalpur Sasni,757,329.0,27.7097131,78.1379143,27.71898,78.1499099,27.70359,78.1250501
122933,Vadhanu Shikohabad,757,450.0,27.7028599,78.1421905,27.71313,78.1561099,27.6914301,78.1261701
122935,Ninamai,757,272.0,27.6995414,78.1706939,27.7047399,78.18371,27.68832,78.16333
122936,Chandaiya,757,150.0,27.7010142,78.1877922,27.71312,78.2017001,27.69519,78.1730301
122938,Nagla Fatela,757,230.0,27.7337376,78.1151052,27.74134,78.1227799,27.7245399,78.10863
143711,Barbaliya,822,355.0,27.2704381,81.0105872,27.27513,81.0197301,27.2653901,81.0018499
122942,Khera Firozpur,757,199.0,27.7192944,78.1151052,27.7223101,78.1215699,27.7164599,78.11099
122944,Gopalpur Urf Bhootpura,757,270.0,27.7130225,78.1094021,27.71717,78.11754,27.7048401,78.10342
143712,Gaura,822,1021.0,25.7782438,82.8128918,25.7881601,82.82227,25.7700298,82.8026701
122946,Nagla Singh,757,234.0,27.7147513,78.1293615,27.7204999,78.13709,27.7071501,78.12164
122947,Virra,757,382.0,27.700393,78.1136794,27.7111,78.1301001,27.69551,78.1062199
122948,Sasni Dehat,757,371.0,27.7060081,78.0951431,27.7103101,78.0997162,27.7009838,78.090909
122951,Nagla Kehariya,757,166.0,27.6911451,78.1236592,27.7004501,78.12972,27.6832601,78.1134
122952,Bilkhaura Kalan,757,201.0,27.7431433,78.0737511,27.7524799,78.08214,27.736,78.0602601
122953,Bilkhaura Khurd,757,116.0,27.7367911,78.0837346,27.74313,78.0914699,27.7290699,78.0758399
122954,Nagla Bhoora,757,167.0,27.740423,78.0922911,27.74788,78.0977598,27.7346201,78.08545
122955,Samamai Ruhal,757,927.0,27.7220197,78.0965691,27.7393,78.10988,27.70821,78.08093
122956,Rodayan,757,557.0,27.7284541,78.0708985,27.7396801,78.08626,27.7158699,78.0594401
143714,Hulas Khera,822,1028.0,26.6394693,81.0302634,26.6415516,81.0317016,26.6379073,81.0285258
122958,Jirauli,757,493.0,28.2757371,78.2276776,28.28369,78.2414001,28.26206,78.2196699
122959,Dinavali,757,137.0,27.7138421,78.0523548,27.72165,78.05819,27.6981999,78.0361299
122960,Nagla Garhu,757,248.0,27.7041822,78.0409416,27.71553,78.05367,27.69124,78.02907
122961,Lauharra,757,534.0,27.7022096,78.0680458,27.72148,78.08018,27.6886401,78.05341
122962,Jaraiya Gada Khera,757,553.0,27.7131879,78.0780299,27.71832,78.08355,27.7065601,78.0715299
143715,Dada Sikandar Pur,822,164.0,26.6624066,81.0174917,26.66783,81.0261201,26.6554599,81.0111299
122966,Basgoi,757,790.0,27.6991844,78.0088463,27.71475,78.0270901,27.6793,77.99577
122967,Chhaura Gadaua,757,590.0,27.6876733,78.0338078,27.70029,78.0498401,27.6753301,78.0218201
122968,Hardpur,757,258.0,27.6766916,78.0238197,27.6845,78.0311599,27.6662801,78.0112401
143716,Gadiyana,822,180.0,26.6519154,81.0133491,26.6583499,81.0188101,26.64691,81.0068099
143691,Rambhan Khera,822,277.0,26.6869829,81.0133491,26.69481,81.0221399,26.68223,81.00381
122971,Sumarat Garhi,757,229.0,27.6697663,78.043795,27.6754,78.0517899,27.6616799,78.0367799
122974,Garhi Nandram,757,164.0,27.655685,78.0231062,27.66141,78.02846,27.64954,78.01768
122976,Raghaniya,757,461.0,27.6549934,78.0566344,27.66858,78.06246,27.64418,78.0425301
122977,Mahmud Barsai,757,622.0,27.6622596,78.0737511,27.67765,78.0855798,27.65006,78.0600701
122979,Ruheri,757,886.0,27.6368318,78.0637667,27.64444,78.0746301,27.62928,78.0488901
122980,Nagla Ummed,757,173.0,27.6305568,78.0580609,27.6364801,78.0678199,27.6260099,78.04959
143718,Ahmadpur Khalsa,822,156.0,26.6400499,81.0105872,26.6446999,81.01589,26.63318,81.0032
122984,Jagipur,757,337.0,27.6511972,78.0794561,27.65754,78.0872001,27.63867,78.0675399
122985,Darkaula,757,172.0,27.6579659,78.0908651,27.66515,78.09743,27.6514301,78.0836699
122986,Darkauli,757,178.0,27.651607,78.100847,27.65833,78.10719,27.64694,78.09645
122987,Khorna,757,193.0,27.647976,78.0922911,27.65314,78.0992001,27.6436499,78.08321
122991,Akhaipur,757,247.0,27.6353427,78.0965691,27.6477501,78.10896,27.6252399,78.09056
143720,Gaureya Khurd,822,147.0,26.6696501,81.0395821,26.67808,81.04892,26.6626901,81.0337999
143760,Meerakh Nagar,822,823.0,26.5843933,81.0782253,26.59715,81.09026,26.5636699,81.0653099
122995,Mirgamai,757,159.0,27.625845,78.1036988,27.6349699,78.1095099,27.6204001,78.0961701
122996,Ajitpur,757,180.0,28.7667765,79.0397862,28.7734579,79.0445471,28.75912,79.0332019
122997,Rampur,757,719.0,25.4842209,82.5916032,25.4882,82.59499,25.47884,82.5731599
122998,Bijahari,757,1746.0,27.6916462,78.0794561,27.70235,78.09013,27.6804401,78.07035
123000,Tilothi,757,423.0,27.685279,78.1025859,27.69604,78.12262,27.6738101,78.08883
123001,Bhojgarhi,757,629.0,27.6762913,78.1022729,27.68035,78.1188401,27.66765,78.0897399
123002,Ajroi,757,332.0,27.6753021,78.0908651,27.6858082,78.1032658,27.6681358,78.07271
123003,Lutsan,757,1000.0,27.6679503,78.1143923,27.6695612,78.1164193,27.6645441,78.110497
123004,Sisahari,757,190.0,27.6729804,78.130787,27.68006,78.13998,27.66294,78.11828
123006,Kheriya,757,267.0,27.1456028,77.9617297,27.1504411,77.9740495,27.1422288,77.9522725
123010,Amokhri,757,165.0,27.6764243,78.1706939,27.68645,78.17538,27.6662099,78.1602199
123011,Dhatroi,757,144.0,27.671626,78.1820931,27.68475,78.19083,27.66294,78.1727599
123013,Sheikhupur Ajit,757,339.0,27.6615356,78.1991896,27.6736899,78.2154799,27.65427,78.1868599
123015,Chhonk,757,416.0,27.6719182,78.219132,27.6850599,78.2328,27.6584001,78.20929
123016,Bahta,757,169.0,27.6494847,78.1934911,27.6608199,78.2039,27.6388599,78.1836298
123017,Salempur,757,678.0,26.293939,83.9241376,26.3101119,83.9366198,26.286066,83.9069223
123018,Thulai,757,230.0,27.658687,78.2333743,27.66825,78.24285,27.64789,78.22121
143726,Achalikhera,822,373.0,26.6738234,81.1058159,26.68732,81.11787,26.66575,81.0778999
143728,Balsingh Khera,822,355.0,26.6486371,81.1120224,26.6506039,81.1146998,26.6458284,81.1091638
143731,Kankaha,822,1241.0,26.6324937,81.0181821,26.6350495,81.0221958,26.6299091,81.0157157
143561,Mastemau,822,344.0,26.809182,81.0285377,26.8186499,81.04124,26.7869599,81.0184699
143562,Marhar Mau Khurd,822,372.0,26.7803251,81.0340601,26.7878799,81.04839,26.7722799,81.02472
143563,Marhar Mau Kala,822,377.0,26.7829975,81.0416527,26.79128,81.0489701,26.77658,81.0364199
143566,Churheya,822,218.0,26.8171249,81.0616662,26.82257,81.07379,26.80904,81.0572701
143567,Malookpur,822,177.0,28.103082,79.6059905,28.10709,79.61102,28.1000401,79.59993
143569,Dular Mau,822,200.0,26.7937585,81.0616662,26.8015701,81.0772301,26.7831799,81.0546801
143570,Noorpur Behata,822,261.0,26.8236648,81.072706,26.8312901,81.0896499,26.81316,81.0590401
143571,Sallahimau,822,188.0,26.8319257,81.0878831,26.8369701,81.0955999,26.82401,81.0793301
143574,Sureya Mau,822,373.0,26.8267974,81.1223656,26.83674,81.13934,26.82109,81.10848
143576,Mahmoodpur,822,496.0,28.7540723,77.3712026,28.7576332,77.3761082,28.7513501,77.3667526
143577,Bajoopur,822,187.0,26.8068379,81.0837442,26.81588,81.0917199,26.8011701,81.0684001
143580,Jahangeer Pur,822,373.0,28.1787958,77.7037131,28.184049,77.7108265,28.1724176,77.6983369
143581,Begariya,822,228.0,26.7972401,81.1168494,26.8182,81.1293199,26.79091,81.1101201
143584,Rasoolpur Tikniyamau,822,426.0,26.7982799,81.1333968,26.80873,81.14477,26.7901701,81.12418
143586,Saraykarora,822,215.0,26.7759303,81.1147807,26.77792,81.1281999,26.77354,81.1085001
143587,Kazee Khera,822,315.0,26.765802,81.1396011,26.7677482,81.141091,26.7634958,81.1359866
143588,Sadarpur Karora,822,429.0,26.7572864,81.1202971,26.76074,81.1243799,26.7526,81.11597
143590,Semanapur,822,220.0,26.7841656,81.0947808,26.79444,81.10168,26.77709,81.0865701
143591,Malauli,822,602.0,26.5513066,83.0294243,26.5598,83.0351599,26.5433699,83.02186
143594,Chand Saray,822,421.0,26.7721324,81.0892627,26.77837,81.1034099,26.7652001,81.08089
143595,Kasimpur Viruha,822,550.0,26.7772786,81.0782253,26.7914801,81.09113,26.7670801,81.0689201
143596,Muazzam Nagar,822,139.0,26.7807011,81.0630463,26.78658,81.07122,26.7739899,81.05608
143597,Sonaee Kazehra,822,455.0,26.7566057,81.0285377,26.7767001,81.04416,26.7450099,81.02099
143598,Pahar Nagar Tekareya,822,542.0,26.7696909,81.0506249,26.77761,81.0600399,26.7582999,81.0396898
143600,Sathwara,822,393.0,26.2374791,82.2610457,26.2445401,82.26586,26.2326999,82.2542999
143603,Sikandarpur Amauliya,822,322.0,26.7573062,81.0395821,26.76363,81.05644,26.7477201,81.0334201
143605,Rakeebabad,822,254.0,26.7456207,81.0395821,26.75047,81.04649,26.73696,81.03183
143606,Mohari Khurd,822,376.0,26.7280913,81.0395821,26.74083,81.05251,26.7153899,81.03388
143607,Mohari Kala,822,350.0,26.7229468,81.0506249,26.7377,81.0648699,26.71184,81.03855
143608,Habuapur,822,249.0,26.7370543,81.0658063,26.74416,81.07651,26.7291999,81.0595899
143609,Sithauli Khurd,822,230.0,26.7224453,81.0658063,26.72957,81.07352,26.7142301,81.0574199
143610,Semarapitpur,822,273.0,26.7102344,81.0575259,26.7184901,81.06876,26.70353,81.04879
143611,Daeetikar,822,241.0,26.7064613,81.0671863,26.7127001,81.07495,26.69835,81.05376
143612,Sithauli Kala,822,614.0,26.7102536,81.0809848,26.73337,81.09225,26.6977499,81.0673199
143615,Bhatti Barkat Nagar,822,508.0,26.6947725,81.0671863,26.70446,81.08611,26.6792,81.04606
143616,Tekra Jugraj,822,141.0,26.6779339,81.0782253,26.6855801,81.0913601,26.6695401,81.06761
143617,Bhaura Khurd,822,260.0,26.6789756,81.0947808,26.69095,81.10214,26.67358,81.0813101
143621,Deh Ramau,822,105.0,26.7315768,81.0947808,26.7415499,81.10279,26.7260899,81.0868799
143622,Rateya Mau,822,329.0,26.7381149,81.1058159,26.7447699,81.11702,26.7314101,81.09815
143623,Pahasa,822,106.0,26.7279746,81.1071952,26.7351999,81.11635,26.72578,81.0999001
143624,Echwailya,822,183.0,26.7205827,81.1058159,26.7261401,81.11472,26.71365,81.0982699
143625,Basteya,822,305.0,26.7391545,81.1223656,26.74868,81.1348399,26.73387,81.1109501
143626,Daudpur Saidapur,822,202.0,26.7525628,81.1265025,26.7574401,81.1359301,26.74383,81.11929
143627,Sekhanapur,822,205.0,26.7615013,81.1292603,26.76434,81.1368899,26.7565799,81.12248
143628,Basrheya,822,301.0,26.7474107,81.1375331,26.7555201,81.1484101,26.73972,81.1278899
143746,Kamal Pur Bichlika,822,472.0,26.6301258,81.0616662,26.64089,81.0755301,26.61786,81.0453301
143630,Mahura Khurd,822,273.0,26.732372,81.1423585,26.7337581,81.144172,26.730184,81.1402667
143631,Kutubpur,822,117.0,29.2217257,77.5189458,29.2308801,77.5315,29.21267,77.50767
143632,Hasanapur,822,218.0,28.7237807,78.2846303,28.7331947,78.2934665,28.7161089,78.2744122
143633,Jakhandi,822,941.0,26.694468,81.1554545,26.7181801,81.1688799,26.6855099,81.1346499
143635,Dhaurahra,822,671.0,27.3565321,81.0354406,27.3622599,81.04594,27.34914,81.0270801
143637,Mohammadabad,822,115.0,25.6168488,83.7531127,25.6253533,83.7637568,25.6088684,83.7396811
143638,Chauganpur,822,112.0,28.5585562,77.4730653,28.566004,77.4817181,28.5463641,77.4491611
143639,Chamartaliya,822,155.0,26.763918,81.1678592,26.7680401,81.17667,26.7588,81.1619301
143748,Dedhari,822,261.0,26.5900525,81.0520052,26.5965499,81.06345,26.5840499,81.0437199
143643,Shikatnagar,822,176.0,26.7477609,81.1899071,26.7524901,81.1928301,26.7409699,81.18005
143645,Rahmatnagar,822,687.0,26.7422606,81.1719936,26.7551,81.18236,26.7372501,81.1540199
143646,Mohammaadpur Garhi,822,432.0,26.7302273,81.166481,26.7424,81.1853799,26.7221599,81.15128
143647,Gomi Khera,822,249.0,26.7197406,81.1623462,26.72862,81.1728,26.71437,81.1554901
143648,Salempur,822,1327.0,26.293939,83.9241376,26.3101119,83.9366198,26.286066,83.9069223
143649,Mahurakala,822,599.0,26.7247171,81.1251235,26.74327,81.1390199,26.71769,81.1083501
143651,Panjsara,822,251.0,26.7118261,81.1292603,26.71898,81.13628,26.70773,81.1202599
143652,Kapera Madarpur,822,440.0,26.7044336,81.1278814,26.70994,81.14703,26.6952101,81.1173
143654,Sarai Gopauli,822,318.0,26.7027024,81.1002985,26.71399,81.11059,26.69748,81.0885799
143655,Bhaurakalla,822,162.0,26.6906658,81.0947808,26.7004101,81.10486,26.6811199,81.0844999
143656,Kewali,822,353.0,25.3628006,82.8667544,25.37326,82.8766299,25.3545201,82.8587701
143657,Karsanda,822,129.0,26.6923977,81.1223656,26.70262,81.12731,26.68795,81.1165
143660,Selhu Mau,822,311.0,26.6813978,81.1333968,26.6884301,81.14536,26.67183,81.12215
143661,Bhamai Mau,822,226.0,26.6879334,81.1444264,26.6952101,81.1508199,26.6788599,81.1379001
143664,Akarhandoo,822,254.0,26.6580141,81.1333968,26.66651,81.1407,26.65002,81.12516
143665,Hardoeya,822,481.0,26.6648943,81.1499406,26.67649,81.16982,26.65233,81.1395001
143667,Dulhapur Husainabad,822,489.0,26.6463214,81.1333968,26.6567899,81.1506599,26.63012,81.1180299
143669,Sahzadepur,822,161.0,26.7080504,81.1623462,26.7164101,81.17631,26.69901,81.15534
143670,Rasoolpur Ashik Ali,822,362.0,26.7192252,81.1775059,26.7279001,81.18814,26.7108899,81.1703999
143671,Adampur Naubasta,822,870.0,26.706155,81.2023063,26.7223199,81.21758,26.6889701,81.18247
178488,Piraila Narharia,937,450.0,27.0983352,82.5963344,27.10217,82.6053801,27.0932299,82.58681
178489,Tenduhna,937,101.0,27.0940736,82.5848464,27.09737,82.58707,27.0906199,82.5827401
178490,Chitir Gawan,937,363.0,27.0947862,82.5983615,27.101,82.6069,27.08787,82.58578
143675,Ghor Sara,822,359.0,26.6728024,81.1830178,26.68034,81.1924201,26.6605901,81.17476
178492,Alhe Kuinyan,937,110.0,27.0897897,82.6145761,27.0951099,82.6244401,27.08714,82.6041599
143677,Mohiddeenpur,822,166.0,26.7352467,80.9912514,26.7403798,80.99902,26.7277201,80.9873
143679,Pooran Pur,822,209.0,26.7318315,81.0064442,26.7423201,81.01254,26.7253299,80.99546
178496,Chandokha,937,311.0,27.0762397,82.5794396,27.08398,82.58617,27.07233,82.56796
143681,Perehta,822,659.0,26.7332345,81.0285377,26.74551,81.03904,26.7206,81.01515
178499,Kurthia,937,117.0,27.0724668,82.9030872,27.08044,82.9098701,27.0688299,82.8957801
178500,Barawngi,937,139.0,27.1065377,82.6550958,27.1117401,82.66057,27.0989501,82.6500499
178501,Majhawa Ram Prasad,937,279.0,27.1083428,82.647669,27.11296,82.6503599,27.10256,82.6439799
178502,Chirai Bujurg,937,218.0,27.1002643,82.6469938,27.1068899,82.6547199,27.09317,82.6414299
143687,Inderjeet Khera,822,118.0,26.7081076,81.0009199,26.71246,81.01195,26.6991099,80.9925601
178504,Dhaorahara,937,102.0,27.0949571,82.6294361,27.1030599,82.63696,27.0896801,82.6225401
178505,Naowa Gawn,937,330.0,27.0878573,82.6334883,27.09688,82.6437701,27.08321,82.6214599
178506,Chhapia Khas,937,137.0,27.0824318,82.6415919,27.0883399,82.64896,27.08076,82.63552
178507,Narkhoria,937,628.0,27.0724057,82.6456434,27.0831999,82.65817,27.0669301,82.6354999
143692,Khujehra,822,441.0,26.6840871,81.0368211,26.70084,81.0531199,26.67437,81.0188999
178509,Baidauli Urf Dubaoli,937,113.0,27.1086349,82.667247,27.1238499,82.67583,27.10325,82.65906
143694,Bhasanda,822,630.0,26.6581878,80.9511835,26.67279,80.9655499,26.63901,80.9360699
143695,Uttaar Gaon,822,715.0,26.639595,80.9345978,26.65447,80.95084,26.6293401,80.91953
178513,Kataria Nankar,937,137.0,27.1054433,82.6901934,27.11119,82.69753,27.0996099,82.6812998
143698,Bhadeshwa,822,560.0,26.6309147,80.8903523,26.6453099,80.9058,26.61593,80.8720601
143699,Kodara Raypur,822,433.0,26.6202909,80.9069472,26.63171,80.91351,26.60726,80.8907199
143700,Sisandi,822,1268.0,26.6217075,80.9290685,26.6427899,80.94371,26.6064499,80.9113799
178517,Amare Deeha,937,271.0,27.0938911,82.7212261,27.1033799,82.7294899,27.08614,82.71432
143702,Meenapur,822,181.0,26.3200913,79.8275733,26.3239794,79.8307585,26.3164017,79.8220467
178519,Sakatpur,937,126.0,27.1605189,77.8503067,27.1636121,77.853123,27.1587533,77.8469753
143704,Devareya (Bharsawa),822,522.0,26.5990333,80.9401268,26.61122,80.95644,26.5881501,80.9273001
143705,Miran Pur,822,239.0,29.2927132,77.9453091,29.3024285,77.9632007,29.2756423,77.9335061
178522,Tusail,937,310.0,27.0937431,82.6901934,27.1017301,82.70139,27.0882801,82.68124
143708,Gautam Khera,822,195.0,26.6052673,80.9691475,26.61714,80.9831,26.59551,80.9556699
178525,Piparahia,937,153.0,26.7100061,83.7955818,26.7147299,83.80099,26.70587,83.79198
143710,Kushmaura,822,453.0,26.5891031,80.9677658,26.6003,80.9804399,26.5765899,80.95145
178527,Turkaulia Rai,937,117.0,27.0987677,82.7306681,27.10634,82.739,27.0938801,82.72185
178528,Parsohia,937,148.0,27.1064294,82.7374115,27.1147501,82.74586,27.10117,82.7276
178529,Kolhui,937,222.0,27.3059462,83.3388608,27.3131501,83.3489799,27.2956901,83.3209599
178530,Sagara Khas,937,217.0,27.0952854,82.7481996,27.1051901,82.75926,27.08555,82.7365599
178531,Ahiraulla,937,185.0,27.0885988,82.7320168,27.0943701,82.7400701,27.07851,82.72275
178532,Hariharpur,937,108.0,26.6643802,83.0025643,26.6713911,83.00982,26.6584283,82.9950142
143717,Bindaua,822,304.0,26.639349,80.9995387,26.65205,81.00759,26.6296201,80.99348
178534,Barhyalal Singh,937,183.0,27.1019701,82.7643784,27.11421,82.7761,27.08287,82.7507599
178536,Atardeeha,937,172.0,26.1315762,82.6199801,26.1365999,82.6259199,26.1251399,82.6113698
178537,Patwaria,937,315.0,26.9369064,83.0616419,26.9441001,83.06683,26.9321399,83.0587401
143722,Kubhara,822,405.0,26.646967,81.0506249,26.6567801,81.0610699,26.63772,81.04306
178539,Gandharia Bujurg,937,191.0,27.0837167,82.7792057,27.0925099,82.79657,27.0734299,82.76898
178540,Gandharia Khurd,937,118.0,27.0750778,82.7819012,27.08287,82.7872699,27.0700801,82.77531
178542,Deideeha,937,117.0,26.9616527,82.7387601,26.96724,82.74511,26.9568,82.73344
143727,Jamalpur Daduri,822,293.0,26.6628241,81.1168494,26.6754601,81.12597,26.6540101,81.10421
178544,Belgari,937,130.0,26.7796002,82.74348,26.78315,82.74842,26.77648,82.73837
178546,Tarauthi,937,234.0,27.0650529,82.7576377,27.06993,82.7676999,27.05867,82.74622
178547,Kusumhi Kuwar,937,111.0,27.0565527,82.7630304,27.0605499,82.76725,27.05137,82.75432
178548,Thumhawa,937,104.0,27.0612931,82.7414572,27.0674999,82.7465701,27.0561101,82.7346999
143733,Mastipur,822,303.0,27.7772293,80.1644373,27.7852999,80.1696199,27.77367,80.1563301
178550,Gadahpur Chak Agya,937,104.0,27.0660293,82.7198772,27.07175,82.72739,27.0621599,82.71517
178551,Piraila Garib,937,161.0,27.0590639,82.7266217,27.06826,82.7321599,27.05403,82.71883
178557,Banke Chore,937,214.0,27.0430411,82.7279705,27.0492,82.73564,27.0369699,82.71817
178558,Bardarh Nankar,937,129.0,27.0350989,82.7299937,27.03782,82.73386,27.03164,82.7247299
178559,Laximanpur,937,127.0,27.0796777,82.700989,27.08602,82.70793,27.0727701,82.69152
143745,Beer Singh Pur,822,347.0,26.5406583,81.0105872,26.54928,81.02931,26.53099,80.9977001
178562,Parsa Kutub,937,328.0,27.062676,82.6834453,27.0714299,82.69477,27.05503,82.67712
178564,Ghosarh,937,204.0,27.0530675,82.6955914,27.05877,82.7018,27.0473201,82.68693
143766,Bhawa Khera,822,326.0,26.5738668,81.027157,26.58315,81.0343599,26.5655301,81.0202598
178566,Majhaua Lal Singh,937,114.0,27.059199,82.700989,27.0657,82.7092699,27.05276,82.69477
143751,Shahmohammadpur Apaeya,822,288.0,26.6050475,81.1278814,26.6146199,81.1361899,26.59767,81.11996
143752,Ahmadpur Ajamli,822,107.0,26.5936967,81.1333968,26.59915,81.14457,26.58406,81.11842
178569,Karayan,937,135.0,27.0598985,82.7144811,27.06891,82.71979,27.0512899,82.7077401
143754,Karorwa,822,274.0,26.6366924,81.166481,26.6456201,81.17521,26.62654,81.15839
178571,Bargadwa,937,269.0,26.8041502,83.3482146,26.8147739,83.354865,26.7950589,83.3400779
143756,Aslam Nagar,822,220.0,26.6122714,81.1616571,26.6133027803,81.1642991,26.6106048197,81.1599326
178575,Manikaura,937,100.0,26.9630033,84.0511025,26.97377,84.05875,26.9497,84.03347
178576,Asuraina,937,149.0,27.4351435,83.6002499,27.44184,83.61175,27.42665,83.58878
143761,Kata Karaudi,822,435.0,26.5733908,81.0892627,26.5825599,81.10692,26.56199,81.0793801
143762,Salempur Achaka,822,282.0,26.5799306,81.1002985,26.59188,81.1143599,26.56972,81.0856899
178579,Siswa Bujurg,937,159.0,27.3595203,82.7697705,27.3703899,82.78031,27.35285,82.7610199
143765,Hasan Pur,822,273.0,28.7237807,78.2846303,28.7331947,78.2934665,28.7161089,78.2744122
178582,Bantikra,937,184.0,27.0199004,82.6766965,27.02843,82.68127,27.0114699,82.6739299
143769,Rampur Garhi Jamuni,822,383.0,26.5814557,81.0547656,26.59152,81.06627,26.57412,81.0435701
143768,Bramhedas Pur,822,200.0,26.5891819,81.0382016,26.59639,81.04575,26.5841101,81.02988
178585,Baidaula,937,182.0,27.0175355,82.6874942,27.02551,82.6994099,27.0105,82.6783299
143771,Bairisal Pur,822,378.0,26.5651143,81.0506249,26.5757899,81.0583,26.5566499,81.04243
143772,Nigoha,822,1093.0,26.5623466,81.0299183,26.566823,81.03418,26.5576489,81.0276998
178589,Bhanpur,937,825.0,27.0264423,82.6618468,27.03467,82.67131,27.02217,82.65759
143774,Adhaeya,822,214.0,26.5341336,81.0230149,26.5463799,81.0319101,26.52431,81.00479
178593,Jamohana,937,235.0,27.0416179,82.6442929,27.0486,82.6489,27.03568,82.6378
178595,Jagdeeshpur Urf Naugarh,937,329.0,27.031166,82.6402414,27.03971,82.65166,27.0221099,82.63229
143781,Nadauli,822,307.0,26.4341782,83.8008883,26.4400601,83.80833,26.4302001,83.7935399
143783,Puraheya,822,400.0,26.5245244,81.0561458,26.5315599,81.06997,26.51334,81.0433299
178600,Mohammad Nagar,937,109.0,27.5921406,81.565127,27.6128499,81.5825,27.57634,81.55382
178601,Basdilia,937,159.0,27.0910852,82.667247,27.09904,82.6802399,27.08711,82.66019
143788,Natauli,822,343.0,26.0566515,82.7063862,26.0672299,82.7158301,26.0484599,82.70024
178607,Kutubpur,937,115.0,29.2217257,77.5189458,29.2308801,77.5315,29.21267,77.50767
178609,Asnahara,937,174.0,27.0839045,82.6557709,27.0874499,82.66022,27.08002,82.6512501
178614,Karaili,937,115.0,27.0732523,82.6618468,27.08072,82.6696099,27.0678401,82.65382
178616,Beili,937,172.0,26.2947449,83.5056874,26.2964,83.51023,26.29043,83.4979799
178624,Banvadhia,937,152.0,27.0455305,82.6631969,27.0516801,82.66814,27.0379199,82.65679
178627,Cheruiya,937,121.0,27.0648805,82.6415919,27.0673501,82.64635,27.05817,82.63489
178628,Barahkoni,937,161.0,27.054571,82.6402414,27.06188,82.6430099,27.0485401,82.6318999
178636,Mailan Saheb Wajid,937,130.0,27.0656793,82.6010642,27.07139,82.6056299,27.0600899,82.5932798
178639,Jogia,937,200.0,27.0150195,82.667247,27.0235501,82.6749199,27.0100299,82.65503
178642,Bhaisahia Khurd Bujurg,937,288.0,27.0595728,82.6240329,27.0708401,82.6354999,27.0509999,82.61774
178643,Panan Kuiyan,937,128.0,27.0569037,82.6010642,27.0609701,82.6065399,27.0526501,82.5963401
178652,Patkhauli,937,121.0,26.0714817,82.3682429,26.07796,82.3756901,26.0679099,82.35535
178654,Manaurhi,937,171.0,27.0453445,82.6037668,27.05307,82.61002,27.0388699,82.5961599
178655,Parsa Shioraj,937,121.0,27.0392094,82.5983615,27.04557,82.60463,27.0358701,82.59113
178658,Bhiwanpar,937,205.0,27.0303176,82.6240329,27.0396001,82.63358,27.02217,82.6181299
178663,Turkaulia Urf Karmahia,937,781.0,27.0174802,82.6024155,27.03369,82.6165401,27.0023001,82.5917899
178664,Tendua Asnahara,937,634.0,27.0191255,82.5780878,27.0393699,82.6014701,27.0028999,82.5662099
178665,Banrahi Jangal,937,355.0,27.0086044,82.6564461,27.01229,82.6688099,27.00074,82.6426801
178666,Aaher,937,129.0,27.0019217,82.668597,27.0117099,82.67637,26.9957601,82.6601799
178672,Parsa Langra,937,125.0,27.0114091,82.7104337,27.01711,82.71571,27.00664,82.70547
143784,Dakhena Sekhpur,822,365.0,26.5314137,81.072706,26.54174,81.0797301,26.5208701,81.06117
122963,Nagla Bhambujat,757,107.0,27.7115381,78.0922911,27.71435,78.09821,27.70813,78.08569
143785,Badhauna,822,221.0,25.5569381,82.8613701,25.56509,82.87946,25.54175,82.8521898
143773,Sherpur Lawal,822,538.0,26.5541136,81.0616662,26.57023,81.07343,26.54182,81.04736
178682,Fersam,937,192.0,26.9973271,82.6787212,27.0008299,82.68437,26.9917501,82.67283
178684,Kothila Khas,937,293.0,26.9928615,82.6631969,26.9984199,82.6715399,26.9889399,82.6551999
178687,Rampur,937,236.0,25.4842209,82.5916032,25.4882,82.59499,25.47884,82.5731599
178689,Korhia Deeh,937,171.0,26.9881968,82.6719719,26.99379,82.67609,26.98281,82.6685399
178694,Mahanua,937,108.0,26.9878511,82.6793961,26.99241,82.6870099,26.98185,82.6744399
178695,Pakari Moti,937,126.0,26.9914782,82.6928925,26.99491,82.6970701,26.9890401,82.6876001
178698,Kothili,937,349.0,26.9825583,82.6901934,26.99064,82.69604,26.9774101,82.68283
178700,Parhari,937,101.0,26.0335295,81.3330655,26.0384,81.34015,26.02793,81.32421
178703,Ekdengwa,937,157.0,26.9760104,82.7050369,26.98566,82.71082,26.97092,82.69474
178705,Lapsi,937,134.0,26.9704311,82.6820956,26.97684,82.68831,26.96741,82.67632
178709,Pach Mohani,937,183.0,26.968344,82.6982903,26.97162,82.7046499,26.9645801,82.6860799
122969,Garaw Garhi,757,232.0,27.5667938,77.9895675,27.57522,77.9994199,27.55836,77.9777901
178713,Farendia,937,107.0,27.0104343,82.7198772,27.01759,82.7251101,27.0067501,82.7134101
178715,Hariharpur,937,100.0,26.6643802,83.0025643,26.6713911,83.00982,26.6584283,82.9950142
178716,Siswa Baruwar,937,310.0,26.992875,82.7198772,27.00039,82.7264201,26.9829401,82.7070701
122970,Sathiya,757,523.0,27.6800869,78.0544946,27.6829389,78.056767,27.6771623,78.0521213
178720,Basdeela,937,162.0,26.9729977,83.0958558,26.9764901,83.09903,26.9691199,83.09242
178722,Chhanwatia,937,199.0,26.9774041,82.7320168,26.98311,82.73895,26.9721999,82.72275
178723,Munderwa,937,139.0,26.8534147,82.4061975,26.8582699,82.4115099,26.84758,82.40209
178726,Parsa Purai,937,104.0,26.971405,82.7576377,26.97625,82.76607,26.9627401,82.7514501
178727,Mugaraha,937,123.0,26.9772592,82.7576377,26.9824699,82.7673901,26.97434,82.7540099
178732,Dasia,937,482.0,26.9615058,82.7643784,26.9736701,82.7787199,26.9494601,82.7519099
178733,Sehamo,937,123.0,26.960952,82.7535929,26.9668601,82.7582,26.9540699,82.74454
178735,Keuwan Japti,937,176.0,26.9454741,82.7657265,26.95255,82.77511,26.9387899,82.75862
178737,Umara Khas,937,290.0,26.9450455,82.7859443,26.95368,82.7940399,26.93156,82.77172
178738,Basauka,937,114.0,26.9552231,82.7845966,26.96059,82.7896999,26.9508,82.77716
178739,Parsa Damya,937,425.0,26.9681894,82.7805534,26.97639,82.79844,26.9589099,82.77585
178745,Pararia Chait Singh,937,146.0,26.9514516,82.7967246,26.9589099,82.8055,26.9469901,82.7875999
178746,Manikaura,937,105.0,26.9630033,84.0511025,26.97377,84.05875,26.9497,84.03347
178748,Muniawn,937,174.0,26.9377529,82.7996321,26.94417,82.80619,26.93067,82.79572
178749,Majhaua Baikunth,937,130.0,26.9506064,82.8088504,26.9574199,82.8164399,26.9441299,82.7992101
178755,Aura Deeh,937,102.0,27.1005974,82.4874588,27.10825,82.49837,27.09364,82.4768399
178757,Majhaua Khaguri,937,279.0,26.9258219,82.7535929,26.9342599,82.76065,26.9197,82.74479
178759,Basdila,937,101.0,26.8385187,82.9676299,26.8432563,82.9740165,26.8321512,82.9598665
178761,Basdilia,937,123.0,27.0910852,82.667247,27.09904,82.6802399,27.08711,82.66019
178765,Siswari,937,209.0,26.9131307,82.7630304,26.9172499,82.77159,26.91054,82.75547
178769,Kanethu Bujurg,937,241.0,26.9587277,82.7104337,26.9695901,82.7201001,26.9529999,82.70004
178771,Rengee,937,184.0,26.9632569,82.7308366,26.9647487303,82.7320234303,26.9620507697,82.7293254697
178775,Parsa Khal,937,146.0,26.9518976,82.7198772,26.95741,82.72704,26.9466301,82.71013
178776,Kanthui,937,104.0,26.9484129,82.7090846,26.9540801,82.71443,26.9435701,82.7017899
178778,Kharahara Japti,937,158.0,26.9424189,82.7063862,26.9497901,82.7134801,26.93686,82.69911
178779,Saltaua Gopalpur,937,482.0,26.9328881,82.7239498,26.9482901,82.72938,26.93194,82.71006
178781,Koilsa,937,141.0,26.2664672,83.0126381,26.27109,83.0168,26.2635501,83.0095199
178783,Sihawara,937,211.0,26.9489655,82.7481996,26.9571599,82.7545499,26.9406901,82.7370999
178784,Jogia Joori Kuiyan,937,200.0,26.9383726,82.7414572,26.9464499,82.74648,26.9308499,82.73802
178786,Kakrahia,937,124.0,26.9066973,82.9837557,26.91026,82.9864199,26.9039,82.9785999
178790,Gorkhar,937,154.0,26.9495221,82.6739968,26.95331,82.68038,26.9435999,82.67032
178792,Gauhania,937,232.0,25.2900989,81.8087721,25.2968699,81.8235801,25.2837601,81.80162
178793,Ledwa,937,105.0,27.1999843,83.1814544,27.2039501,83.1898499,27.1964743,83.178823
178794,Hasanpur,937,229.0,28.7237807,78.2846303,28.7331947,78.2934665,28.7161089,78.2744122
178799,Surat Garha,937,155.0,26.9325192,82.6847949,26.9392799,82.6877699,26.9246699,82.6785698
178801,Manwan,937,104.0,26.9300113,82.6928925,26.93491,82.6992999,26.9264999,82.68708
178803,Pachanu,937,113.0,26.9334973,82.7036876,26.9394101,82.71145,26.92722,82.6981699
178808,Bhitari Pachano,937,154.0,26.9240166,82.6901934,26.92901,82.6962199,26.91722,82.68494
178809,Jhalhania,937,122.0,26.9158611,82.688169,26.91832,82.69263,26.9134899,82.6841199
178811,Majhava Khurd,937,192.0,26.923317,82.6766965,26.93018,82.68726,26.91665,82.66862
178815,Pakari Bhikhi,937,116.0,26.9047784,82.7144811,26.9101101,82.7202499,26.89995,82.70893
178820,Aurh Jangal,937,639.0,26.9729242,82.6456434,26.98639,82.6627999,26.9536,82.6263
178822,Pitaut,937,144.0,26.9602467,82.6550958,26.9629199,82.66278,26.95409,82.6496
178823,Telia Deeh,937,118.0,26.6726553,83.3742644,26.6756,83.37729,26.6706301,83.37004
178827,Chaukwa,937,168.0,26.9547495,82.6760216,26.95729,82.679,26.95182,82.67245
178828,Sekhui,937,214.0,27.1334319,83.3107911,27.14013,83.3177501,27.12698,83.3013699
178830,Amarauli Shumali,937,941.0,26.9436561,82.6456434,26.9597199,82.66632,26.92315,82.62755
178831,Basthanwa,937,162.0,26.9357044,82.6334883,26.94178,82.6386599,26.92616,82.62325
178833,Amarauli Janubi,937,137.0,26.9348863,82.6739968,26.93834,82.68062,26.9293999,82.6658401
178837,Panch Lauria,937,155.0,26.8990554,82.6604966,26.9035401,82.66695,26.8956799,82.6520099
178838,Shivpur,937,305.0,25.3595143,82.9515001,25.3642591,82.9660261,25.3501902,82.945458
178841,Tinich Shukul,937,167.0,26.8845451,82.634839,26.88975,82.64127,26.8748,82.62566
178842,Belwadan,937,136.0,26.8743681,82.6361896,26.8781901,82.64397,26.8713499,82.63009
178845,Sari Kalp,937,167.0,26.8807865,82.6469938,26.88539,82.65241,26.8730501,82.6444
178852,Ghurhupur,937,169.0,26.8936741,82.6585242,26.8979001,82.6669399,26.88766,82.6519499
122993,Amarpur Ghana,757,426.0,27.6270057,78.0837346,27.63853,78.09332,27.6197101,78.0726
178859,Betahua,937,207.0,26.878841,82.665897,26.88359,82.67478,26.87488,82.66016
143779,Ratana Pur,822,210.0,26.5312272,81.046484,26.53712,81.0551299,26.5258499,81.03724
178870,Bansapar,937,231.0,26.9128649,82.700989,26.91713,82.71075,26.90781,82.6935001
178874,Korhiyapur,937,124.0,26.8956464,82.6935672,26.8989901,82.69719,26.89133,82.69102
178891,Baheria,937,324.0,26.1102667,81.1016779,26.11761,81.1131901,26.1033201,81.09129
178893,Belauri Shukul,937,122.0,26.8711066,82.7003143,26.8733101,82.70445,26.8689601,82.69524
178894,Pipara Japti,937,430.0,26.8826096,82.7104337,26.88709,82.7166699,26.8721399,82.69572
178908,Belahsa,937,126.0,26.9288956,82.7279705,26.93217,82.7323801,26.92283,82.7223099
178910,Zinwan,937,335.0,26.9127238,82.7266217,26.92415,82.7344601,26.9056001,82.7165599
178911,Narainpur,937,148.0,25.7522179,83.9406844,25.7537299,83.94363,25.7500499,83.93707
178914,Pokhar Bhitwa,937,122.0,27.3466255,82.634839,27.3506501,82.6410799,27.33791,82.6258199
178919,Laximanpur,937,197.0,27.0796777,82.700989,27.08602,82.70793,27.0727701,82.69152
178921,Bhadi Khurd,937,358.0,26.8924958,82.7603341,26.89925,82.7645,26.8890099,82.75344
178922,Manjharia,937,107.0,26.2027253,82.7340398,26.20567,82.74018,26.1999901,82.72832
166928,Naipura,907,511.0,26.6647753,82.1414438,26.67307,82.1522099,26.6562401,82.1323601
166929,Ausan Pur,907,470.0,26.6335153,82.5118186,26.6423299,82.52416,26.6254999,82.49839
166930,Karanpur Bersawa,907,467.0,26.6425578,82.4888124,26.6570799,82.49903,26.63029,82.47182
166931,Mahuwari,907,627.0,25.8231874,83.6866967,25.8270503,83.6904358,25.8197877,83.6819173
166948,Babhanpur Meranpura,907,248.0,26.6034877,82.5679487,26.60835,82.5762999,26.59837,82.56181
166949,Dhelmau,907,104.0,26.6143633,82.551723,26.617594,82.5544239,26.6108794,82.5482011
166950,Salarpur,907,230.0,28.5463281,77.3884251,28.5541073,77.3940287,28.5336723,77.3798433
166953,Baddupur,907,120.0,27.2167837,81.1058159,27.22505,81.11675,27.2024101,81.09426
166957,Majha Mahripur,907,108.0,26.5928314,82.6307869,26.5954299,82.63651,26.5873401,82.62698
166959,Mahripur,907,136.0,26.9681818,82.6388908,26.9750151,82.6481443,26.9617101,82.630335
166963,Salarpur Rajaur,907,152.0,26.5970118,82.5983615,26.60377,82.60578,26.5909299,82.59002
166964,Fatahpur Knhaura,907,143.0,26.5879364,82.5929557,26.5947401,82.60278,26.58327,82.58538
166966,Makhdoom Nagar,907,339.0,26.5857074,82.6064693,26.59147,82.6129301,26.58031,82.59682
166968,Kakrahi,907,210.0,25.1468833,81.8797976,25.1571501,81.88458,25.13872,81.8669843
166971,Husainpur Sudhana,907,378.0,26.5725852,82.6078205,26.58185,82.6182701,26.56598,82.59116
166972,Kanaudha,907,107.0,26.5820734,82.5929557,26.58789,82.60062,26.57682,82.5853101
166980,Rustampur,907,112.0,26.7299578,83.3689967,26.7385119,83.3766489,26.7223262,83.3633995
166982,Asopur(Ansik),907,940.0,26.5681213,82.634839,26.57338,82.64918,26.55649,82.62255
166984,Arkhapur Kaji,907,168.0,26.5544386,82.6395661,26.5591099,82.6430399,26.54854,82.63648
166985,Daulatpur Kaji,907,175.0,26.5548576,82.6334883,26.5574699,82.64001,26.5479999,82.6310699
166992,Sulampur,907,143.0,26.5403364,82.6361896,26.54384,82.64062,26.53512,82.6314199
166993,Mojanpur,907,135.0,26.5435476,82.6415919,26.5490199,82.64559,26.5392901,82.63769
166996,Sakrawal,907,123.0,26.5414308,82.6549589,26.546708,82.6594697,26.5377914,82.6492023
167001,Chintaura,907,827.0,26.5407489,82.6726469,26.5482799,82.68572,26.53334,82.6653499
167005,Dhaurahra,907,254.0,27.3565321,81.0354406,27.3622599,81.04594,27.34914,81.0270801
167006,Pakolia,907,280.0,26.5301382,82.665897,26.5367399,82.67606,26.52035,82.6573301
167009,Alampur Shekhpur,907,119.0,26.5255351,82.6334883,26.53321,82.6376,26.52066,82.6257899
167013,Belahri,907,121.0,25.7690367,84.3410586,25.78074,84.3560199,25.74878,84.32781
167014,Gaura Gujar,907,366.0,26.5167332,82.6618468,26.5237899,82.67698,26.5048499,82.64452
167016,Majha Ultahwa,907,165.0,26.5611083,82.7266217,26.5764599,82.7379999,26.54963,82.7131
167021,Rasoolpur Mubarakpur,907,536.0,26.5371126,82.6874942,26.5429801,82.6943,26.53078,82.68222
167022,Duhiya,907,282.0,25.5554867,83.5949262,25.56096,83.60655,25.54662,83.58564
167023,Ismailpur Beldaha,907,419.0,26.5387699,82.7198772,26.54488,82.7268399,26.53481,82.7133099
167024,Saddopur,907,136.0,26.5379423,82.7036876,26.54062,82.71242,26.5324199,82.69794
167026,Punthar,907,587.0,26.5292963,82.6780463,26.5368201,82.6868099,26.51736,82.6672201
167027,Rampur Kala,907,616.0,27.1825111,83.6913481,27.1846759,83.6930708,27.1811459,83.6889138
167029,Shahpur Kurmaul,907,331.0,26.5292824,82.7063862,26.53901,82.71744,26.52193,82.6948599
167033,Hasanpur Sunthar,907,263.0,26.5130829,82.7050369,26.51958,82.71541,26.50391,82.6982301
167041,Saidpur Rajopur,907,210.0,26.5528303,82.6084961,26.55518,82.6112501,26.5508499,82.60492
167048,Arsawa,907,160.0,26.5424242,82.5916042,26.54852,82.60109,26.5331499,82.58217
167050,Faridpur Kutub Kalan,907,124.0,26.5415898,82.6037668,26.5448999,82.6102499,26.53606,82.59754
167051,Dariyapur Kutubpur,907,125.0,26.5413123,82.6125495,26.5436999,82.61787,26.5349499,82.6081701
167054,Hithori,907,261.0,26.5294403,82.5956587,26.5352201,82.60676,26.5211,82.58453
167058,Mamrejpur,907,239.0,26.3240873,80.4674159,26.326999,80.4728365,26.3184597,80.4637385
167059,Meeranpur Sadar Ali,907,213.0,26.5961674,82.582143,26.60161,82.5896199,26.5930399,82.5760701
167062,Faridpur Kala,907,230.0,26.5900229,82.576736,26.5958299,82.5851301,26.58417,82.57015
167063,Danpur,907,178.0,28.1946431,78.2063123,28.198267,78.2120775,28.1906834,78.2014132
167068,Daulatpuriksara,907,251.0,26.5721521,82.5713286,26.5816898,82.5812999,26.56003,82.5652799
167070,Brahimpur Bergan,907,332.0,26.5639053,82.5537514,26.5778801,82.5624,26.5514501,82.54691
167071,Purachak Sarai,907,176.0,26.5746509,82.5490184,26.5799,82.5534499,26.56775,82.54604
167074,Nawsanda,907,120.0,26.5534325,82.5496946,26.55986,82.55431,26.5439101,82.54403
167080,Bihrai,907,117.0,26.5580574,82.582143,26.56124,82.5900001,26.5519001,82.5724101
167088,Foolpur,907,357.0,25.5510396,82.088374,25.5554509,82.0967102,25.5444548,82.0764542
167097,Balrampur,907,287.0,27.4297064,82.1768018,27.4392786,82.1996641,27.4195477,82.1645164
167102,Jiyapur,907,224.0,26.5817769,82.5591603,26.5904199,82.5681199,26.57578,82.5484199
167103,Daipur,907,218.0,26.7010505,79.0998078,26.7073,79.10818,26.69531,79.0926999
167104,Utrethoo,907,749.0,26.6158354,82.4826708,26.6234914,82.4997299,26.59227,82.46941
167111,Bhuwalpur,907,255.0,25.9160023,81.3536914,25.9222801,81.3618599,25.91243,81.3480699
167113,Deengurpur,907,111.0,26.5991349,82.4712142,26.60353,82.47351,26.5946099,82.4659
167122,Meethepur,907,570.0,26.5777971,82.483398,26.58898,82.4966399,26.56441,82.4611599
167124,Bhadsari,907,667.0,25.8871586,83.0639905,25.8885190303,83.0657494,25.8858210697,83.0627131
167125,Chitwai,907,347.0,26.5726775,82.5253481,26.58709,82.53059,26.55958,82.5173
167127,Gauhaniya,907,183.0,25.2900989,81.8087721,25.2968699,81.8235801,25.2837601,81.80162
167129,Khookhootara,907,184.0,26.5573099,82.5118186,26.5681799,82.51771,26.5475299,82.50522
167130,Ghooranpur,907,162.0,28.0165728,78.7787889,28.0311799,78.78819,28.0048801,78.7689099
167134,Badruddinpur,907,347.0,26.5516727,82.5300828,26.5552002,82.5342316,26.5473701,82.5263201
167136,Bharidieh,907,502.0,26.5440468,82.5104655,26.55478,82.5248399,26.52886,82.4954499
167138,Khanshapur,907,366.0,26.5396028,82.5375224,26.55114,82.54806,26.5292901,82.5282199
167139,Nasrullah Pur,907,412.0,26.5481343,82.5605124,26.55424,82.56864,26.5421001,82.5496099
167140,Aliganj,907,118.0,27.4922073,79.1689623,27.504522,79.1806125,27.4834511,79.1578889
167147,Salauddin Pur,907,157.0,26.5255242,82.576736,26.5330399,82.58076,26.5159501,82.56934
167148,Guwan,907,272.0,26.5234242,82.5645687,26.5296901,82.5728198,26.51491,82.55661
167149,Mujahid Pur,907,199.0,26.5228597,82.5537514,26.5307199,82.55887,26.5187299,82.54769
167150,Mahmood Pur,907,168.0,28.7540723,77.3712026,28.7576332,77.3761082,28.7513501,77.3667526
167154,Budhan Pur,907,132.0,29.1879338,78.5313007,29.1916382,78.5356594,29.1852314,78.5265826
167165,Makdoom Sarey,907,190.0,26.5121269,82.6010642,26.51542,82.60409,26.50702,82.5867199
167166,Dahiya Pur,907,451.0,26.5915916,79.2479342,26.6029601,79.2591999,26.5842,79.2404301
167170,Bihrojpur,907,724.0,25.7117143,82.7468511,25.7185601,82.75249,25.7081899,82.7391399
167171,Khetapur,907,158.0,25.5155798,82.7090846,25.52299,82.71455,25.5101601,82.70152
167172,Pipri Mohamadi,907,195.0,26.5013765,82.6199801,26.51281,82.62828,26.49165,82.61518
167174,Basawan Pur,907,148.0,27.7790079,78.7547053,27.7863499,78.76244,27.77287,78.7486601
167175,Bhatauli,907,111.0,26.4762715,79.8996789,26.48344,79.9157001,26.4653101,79.88995
167178,Tenduwa Khas,907,157.0,26.5066769,82.665897,26.50926,82.6723899,26.5027,82.65875
167180,Bhasra,907,254.0,26.4935482,82.667247,26.5052399,82.67406,26.4783,82.6574398
167182,Piyare Pur,907,105.0,26.4974617,82.6577963,26.5029399,82.6609199,26.4915899,82.6516
167183,Rahim Patti,907,106.0,26.4855909,82.6550958,26.4951299,82.65804,26.4791299,82.6486801
167184,Mohiuddin Pur,907,264.0,29.9849648,77.6435896,29.9883926,77.6481055,29.981962,77.6392436
167185,Balya Jagdishpur,907,213.0,26.4767805,82.6834453,26.48865,82.69176,26.4665,82.6759
167186,Bharha,907,186.0,26.4904638,82.6928925,26.4978999,82.69981,26.48521,82.6847299
167187,Amiya Babhan Pur,907,316.0,26.4653236,82.6888438,26.47632,82.7018,26.45782,82.6801099
167188,Daularpur Mahmoodpur,907,435.0,26.4647537,82.7063862,26.4701,82.71336,26.4569599,82.69849
167189,Pipra Saidpur,907,171.0,26.4555394,82.6982903,26.46449,82.70483,26.4492699,82.68768
167190,Rudrapur Bhagahi,907,181.0,26.453157,82.7090846,26.4598399,82.71757,26.44376,82.70191
167192,Ajmeri Badshah Pur,907,866.0,26.5476824,82.7508963,26.5561,82.76018,26.5312199,82.7331899
167194,Foolpur,907,276.0,25.5510396,82.088374,25.5554509,82.0967102,25.5444548,82.0764542
167195,Persawa Kala,907,111.0,26.5303847,82.7279705,26.5365299,82.7324601,26.5258499,82.72257
167197,Sulempur Persawa,907,323.0,26.5278643,82.7360628,26.53376,82.7464899,26.5221199,82.72659
167198,Akdalla,907,358.0,26.5208753,82.7428057,26.52991,82.74809,26.5132199,82.72275
167199,1Sonhan,907,162.0,26.5257547,82.7522446,26.5314599,82.75632,26.51798,82.74647
167200,Sabook Pur,907,234.0,26.5109523,82.7495479,26.51892,82.7577199,26.50136,82.7423699
167201,Jalalpur Sabakpur,907,450.0,26.516105,82.7643784,26.5276299,82.77173,26.5025301,82.7528099
167206,Kallamuden Pur,907,151.0,26.5441734,82.7684226,26.54879,82.77892,26.5371399,82.7596101
167208,Rampur Benepur,907,305.0,26.5334295,82.7589859,26.5411599,82.77124,26.5232801,82.75021
167210,Narayanpur Pretampur,907,324.0,26.5263622,82.7702384,26.53379,82.7848699,26.5221925,82.76719
167211,Aakipur,907,148.0,26.5304645,82.7872919,26.5344301,82.7927799,26.5256101,82.7831899
167212,Harsamhar,907,321.0,26.5211586,82.7770561,26.5246812,82.7912016,26.5122076,82.7715599
167213,Medhe Sulempur,907,292.0,26.5099321,82.7872919,26.5151301,82.79519,26.50227,82.7823599
167214,Mahmud Pur,907,133.0,27.7370142,80.5986914,27.7395297,80.6022906,27.7350191,80.5952955
167217,Nourahne Rampur,907,231.0,26.5643969,82.7913346,26.57032,82.7998099,26.5584799,82.7841199
167223,Modepur Ganeshpur,907,168.0,26.5540642,82.7899871,26.56053,82.7949199,26.54976,82.7840299
167224,Nasera Bad,907,205.0,26.5579858,82.7805534,26.56571,82.7865101,26.5521299,82.77435
167225,Jalalpur Manikpur,907,153.0,26.5476529,82.7792057,26.5538401,82.7855799,26.5407,82.77467
167226,Dhourhara,907,120.0,26.5451294,82.7872919,26.55174,82.7945299,26.5406301,82.7811999
167227,Fajilpuruska,907,146.0,26.5458105,82.8007667,26.55216,82.8071201,26.53971,82.79208
167228,Tursampur,907,129.0,26.7568319,82.151645,26.7595165,82.156024,26.7526618,82.1444951
167229,Narkta Bairgepur,907,223.0,26.5492874,82.8115447,26.5570699,82.81878,26.53953,82.8057399
167231,Aouje Pur,907,229.0,26.5364669,82.7899871,26.54345,82.79618,26.53069,82.78466
167232,Ekdange,907,197.0,26.5294747,82.7967246,26.5361901,82.8050799,26.52239,82.79139
167239,Kewtala,907,477.0,26.5276657,82.8775218,26.53574,82.8867099,26.51418,82.86702
167240,Tandwa Purab,907,130.0,26.5425196,82.8519465,26.5471,82.8568701,26.53388,82.84739
167243,Barge Nijam,907,122.0,26.5533055,82.8330954,26.55788,82.83623,26.5443099,82.82719
167244,Taroule Mubarak Pur,907,158.0,26.5527633,82.8223209,26.5595699,82.8297299,26.5440201,82.8140898
167246,Doultpur,907,118.0,26.5408956,82.819627,26.5452201,82.82655,26.5372701,82.8140898
167247,Shnkerpur Vishunpur,907,169.0,26.5414378,82.8304019,26.54596,82.8364499,26.5370001,82.8246599
167248,Rampur,907,102.0,25.4842209,82.5916032,25.4882,82.59499,25.47884,82.5731599
167249,Faredpur Saifan,907,162.0,26.5419792,82.8411751,26.5466499,82.84857,26.5358801,82.8358
167251,Fatehnoor Pur,907,162.0,26.5326383,82.8304019,26.53913,82.83432,26.5250999,82.82429
167253,Kajeepur,907,104.0,26.5217163,82.846561,26.5263599,82.84907,26.5159999,82.8393399
167257,Dnekwa,907,125.0,26.5107911,82.8627162,26.5157901,82.86978,26.50747,82.8574801
167262,Barhe Afdilpur,907,275.0,26.5180139,82.8021141,26.5263199,82.81352,26.5138799,82.7951099
167263,Semra Naserpur,907,596.0,26.494818,82.8075032,26.5070301,82.8249399,26.47768,82.79387
167266,Gohila,907,516.0,26.4841672,82.8290551,26.4941201,82.8392799,26.47326,82.8180501
167267,Tandwa Daarupur,907,146.0,26.4812769,82.8007667,26.49079,82.8058901,26.4720701,82.79227
167268,Harnedeh,907,171.0,26.5107851,82.7751622,26.51808,82.7828101,26.50279,82.76833
167270,Dayampur,907,154.0,26.495265,82.7872919,26.50227,82.79237,26.49109,82.78169
167274,Baniyane,907,297.0,26.4985054,82.7643784,26.5031099,82.7728199,26.48539,82.7516798
167277,Hajiyapur,907,106.0,26.1571155,83.1367549,26.1650701,83.14188,26.1501499,83.13341
167280,Arusa Azampur,907,258.0,26.4833945,82.7845966,26.49221,82.7930499,26.4749299,82.77691
167281,Mohamadpur Muslman,907,325.0,26.4808691,82.7926822,26.4897701,82.79761,26.4737001,82.7857599
167282,Bajdaiyapai Pur,907,387.0,26.4740482,82.7738143,26.48191,82.7880201,26.46087,82.75838
167286,Pura Choube,907,144.0,26.5044002,82.7360628,26.51524,82.74638,26.49962,82.72977
167287,Husenpur Grant,907,154.0,26.5104037,82.7387601,26.5134499,82.7446401,26.50594,82.7342299
167288,Mohmadpur Sabukpur,907,184.0,26.5048118,82.7441542,26.51116,82.74789,26.5020701,82.7396899
167290,Doultpur Hajalpatti,907,612.0,26.4968612,82.7320168,26.5045099,82.73556,26.4883201,82.7181201
167291,Pipre Bishunapur,907,259.0,26.4945005,82.7144811,26.5051899,82.72514,26.4887798,82.70936
167292,Dewhat,907,574.0,24.8646189,82.1917556,24.86861,82.19668,24.85836,82.18566
167295,Dashraicha,907,150.0,26.4814821,82.7468511,26.4881,82.75557,26.47529,82.7375601
167296,Badiyane Khurd,907,111.0,26.4760257,82.7549412,26.4842299,82.75922,26.46676,82.7511699
143735,Mangteya,822,481.0,26.5712125,80.9622388,26.57753,80.9793001,26.55734,80.94858
167300,Belaparsa,907,701.0,26.4669775,82.7212261,26.4784001,82.73829,26.45506,82.7109799
167301,Hariaya,907,419.0,26.4568881,82.7535929,26.4736299,82.76347,26.4469,82.7357799
167303,Motigarpur,907,369.0,26.2391891,82.3065228,26.2449453,82.3101926,26.2374779,82.2997857
167307,Umrapur Manapur,907,151.0,26.4345414,82.7468511,26.4429799,82.75951,26.4284499,82.7403501
167311,Masda Mohanpur,907,489.0,26.4499246,82.7320168,26.4573101,82.74675,26.4402199,82.71635
167313,Mohmmadpur Kapure,907,153.0,26.4384632,82.7374115,26.4450899,82.7454401,26.43183,82.72798
167315,Pura Bajgoti,907,282.0,26.412296,82.7711185,26.4216799,82.7753699,26.4005799,82.7637999
167316,Midur,907,1266.0,26.4202446,82.7832489,26.4361299,82.7989,26.4057599,82.76942
167318,Makdum Nagar,907,217.0,26.4571262,82.7872919,26.46075,82.79068,26.4538801,82.7799501
167319,Jamaupur,907,161.0,26.453201,82.7967246,26.4610401,82.80479,26.4491201,82.78957
167320,Adelpur,907,110.0,26.4484601,82.7899871,26.45468,82.7946701,26.44217,82.7849699
167322,Baskhari,907,1435.0,26.4523849,82.7805534,26.460738,82.7900934,26.4477131,82.7556754
167324,Padariya Fauladpur,907,187.0,26.3985751,82.7899871,26.4031901,82.79726,26.39343,82.7833
167326,Ramdih Saray,907,895.0,26.3953249,82.8128918,26.4070391,82.8186001,26.3865999,82.79141
167327,Katariya,907,854.0,26.6021708,82.5848464,26.6065401,82.5911901,26.5982199,82.57574
122939,Nagla Jahru,757,104.0,27.7360466,78.1250848,27.7439699,78.13095,27.72776,78.1158801
143742,Raghunath Khera,822,335.0,26.5509791,81.0119681,26.5623099,81.0272199,26.5436799,80.99797
122994,Aundua,757,252.0,27.6219672,78.0922911,27.62687,78.10007,27.61545,78.0861199
143743,Akbarpur Beniganj,822,223.0,26.5591989,80.9802002,26.5658201,80.9893601,26.5499099,80.9678699
122945,Nagla Sewa,757,103.0,27.7140108,78.1208079,27.71826,78.12335,27.7090399,78.11565
143753,Nagram,822,673.0,26.6189793,81.1402905,26.6226773,81.1452233,26.6142464,81.1341191
122981,Dayanatpur,757,268.0,27.6273368,78.0584175,27.6287905,78.0601357,27.6259768,78.0569601
143673,Bajgaheya,822,234.0,26.6834646,81.166481,26.70015,81.1780401,26.6754199,81.15961
143674,Khawas Khera,822,175.0,26.6855273,81.1761279,26.69322,81.17943,26.6807699,81.17236
143676,Sarthuwa,822,223.0,26.7440105,80.9912514,26.7494099,81.00425,26.7370899,80.97931
147321,Meerakhpur,836,328.0,26.9563962,78.8524199,26.9718199,78.86445,26.9430501,78.8374999
147324,Kakarai,836,207.0,26.9309436,78.9160943,26.93902,78.92555,26.9235201,78.9056199
147326,Chandanpur Beebamau,836,175.0,26.9090378,78.9146798,26.9178599,78.92521,26.9016101,78.90426
147328,Khera Bujurg,836,973.0,26.9157394,78.8892146,26.93434,78.9075501,26.90676,78.8730499
147329,Phulrai,836,394.0,26.9228842,78.8694038,26.9351501,78.87678,26.91436,78.85726
147334,Dholpura,836,434.0,27.1758936,78.3600448,27.1815891,78.367994,27.1693691,78.3552171
143684,Harikansh Garhi,822,148.0,26.719054,80.9663841,26.7264898,80.9718401,26.7127801,80.96098
147337,Kursena,836,779.0,26.895174,78.8863847,26.9097099,78.89512,26.8845301,78.87497
147339,Tijora,836,606.0,26.9223742,78.7901203,26.9389601,78.8060499,26.90989,78.78027
147340,Beebamau,836,319.0,26.9353528,78.807115,26.94457,78.8200799,26.92779,78.7946301
147343,Doduya Gopalpur,836,331.0,26.9246374,78.8184432,26.9294299,78.83672,26.90498,78.7977
147344,Balrai,836,371.0,26.9208482,78.830124,26.9220556803,78.8319468,26.9193577197,78.8287603
143683,Khujauli,822,892.0,26.7102108,81.0340601,26.7248,81.05029,26.6942399,81.0145699
147351,Rajpurtameri,836,133.0,26.8886818,78.8594969,26.8944,78.86945,26.8833701,78.85262
147352,Tameri,836,146.0,26.8995808,78.8640966,26.9011183,78.8656569,26.8979991,78.8623309
147353,Tamera,836,106.0,26.8884645,78.8750644,26.89537,78.8816099,26.87904,78.86617
147354,Bahoripur,836,124.0,25.3883949,82.923936,25.39241,82.9310501,25.38641,82.9189601
147358,Jugora,836,140.0,26.8719198,78.8679886,26.87714,78.8722301,26.86458,78.8608
143685,Dalauna,822,199.0,26.7300723,80.9788187,26.7371801,80.9925301,26.72159,80.9698699
147360,Kokawali,836,505.0,26.8640841,78.8425112,26.8714401,78.85709,26.8567,78.82164
147361,Peharpur,836,219.0,26.8562559,78.835433,26.8648899,78.84687,26.84803,78.8247101
147362,Piprendi,836,199.0,26.8723688,78.8736493,26.8808,78.8793899,26.86372,78.86944
147364,Ludhpura Jaswant Nagar,836,103.0,26.8647724,78.8969963,26.8686,78.90183,26.8623399,78.8922999
147365,Sirhaul,836,372.0,26.8553821,78.8977037,26.8647699,78.9033699,26.84858,78.88476
147366,Nagariya Jasohan,836,118.0,26.8614165,78.8821398,26.86858,78.8893201,26.85729,78.87805
147368,Sirsa Bibamau,836,353.0,26.8455311,78.8467579,26.85791,78.86472,26.83468,78.8261
147371,Mohabbatpur Jasohan,836,249.0,26.8446493,78.8906295,26.8532801,78.8984,26.8369699,78.88361
147372,Sakhaua,836,222.0,26.8327985,78.8877997,26.8395799,78.89502,26.82694,78.88242
147374,Ajnora,836,353.0,26.9023306,78.9033627,26.9157001,78.9166599,26.89296,78.89777
147375,Bhavalpur,836,187.0,26.8918235,78.8991185,26.89699,78.9091001,26.88313,78.8912999
147376,Alampur Nariya,836,356.0,26.8916012,78.9146798,26.9018799,78.9239,26.88635,78.9049799
147377,Parsauwa,836,335.0,26.9025551,78.9245811,26.9111199,78.93416,26.89351,78.9173899
147378,Niloi,836,863.0,26.8804229,78.9203378,26.89656,78.9323699,26.8750599,78.90719
147379,Bhaishan,836,312.0,26.4224203,83.8519408,26.4273199,83.8558899,26.41867,83.8465001
147380,Utrai,836,100.0,26.8891399,78.9387241,26.89265,78.94527,26.88324,78.9313399
147382,Mahlai,836,599.0,26.881316,78.9316528,26.8875301,78.9419599,26.8683699,78.92413
147383,Mohabbatpurnagla Bhagat,836,350.0,26.8692435,78.9259955,26.8777301,78.93362,26.86403,78.91952
147384,Jari Khera,836,111.0,26.8656643,78.9358957,26.87394,78.9441099,26.86066,78.9292601
147386,Kailokhar,836,431.0,26.8661037,78.9599347,26.87997,78.96732,26.85746,78.9472701
147388,Malajani,836,1154.0,26.8513531,78.9387241,26.8578823,78.9458871,26.8456684,78.9313601
147389,Beerampur,836,138.0,26.8573897,78.9415524,26.86387,78.94808,26.8464001,78.93509
147390,Bankati Bujurg,836,252.0,26.8491475,78.9493078,26.85918,78.9595899,26.8427599,78.9447999
147391,Siyapur Etgawan,836,105.0,26.8409529,78.9450878,26.8450501,78.95167,26.83772,78.9410598
147392,Malhoopur,836,177.0,26.8421738,78.9522181,26.84514,78.95683,26.8403896,78.9481599
147393,Needarpur,836,113.0,26.8377043,78.9592278,26.8463601,78.96613,26.83164,78.9532901
147394,Adhiyapur,836,365.0,26.8491063,78.9655901,26.85656,78.9807201,26.8353701,78.9567999
147395,Rajmau,836,462.0,27.9148998,78.5028963,27.9195349,78.5078608,27.9114008,78.4997606
143686,Purseni,822,944.0,26.7056798,80.985726,26.7088441,80.9884966,26.7020564,80.9821236
147397,Balaiyapur,836,311.0,26.8271906,78.9641763,26.8344401,78.9739301,26.8200599,78.9498299
147398,Bhainsrai,836,371.0,26.8325506,78.9768999,26.8430399,78.99187,26.8237,78.96523
147401,Hazaratpur,836,239.0,28.2810511,78.0908651,28.2945201,78.1004201,28.27295,78.0763199
147402,Bichpuri Khera,836,256.0,26.8269435,78.9981021,26.83028,79.0004901,26.81993,78.98975
147403,Jagsaura,836,1034.0,26.8383891,78.9033627,26.8523201,78.9169199,26.82578,78.8927899
147404,Bhatoora,836,322.0,26.8343615,78.9259955,26.84606,78.9409,26.82511,78.9152899
147405,Takpura Sarai Jalal,836,152.0,26.8222819,78.9387241,26.8342499,78.94588,26.8119901,78.92983
143693,Dehwa,822,536.0,26.6709341,80.9677658,26.68222,80.9788001,26.6555,80.95199
147408,Aarazi Sarai Bhopat,836,111.0,26.8178018,78.955693,26.82404,78.96492,26.8114199,78.9423501
147409,Jainpur Nagar,836,321.0,26.8079674,78.9415524,26.8178799,78.95049,26.7992901,78.93176
147410,Sarai Bhopat,836,351.0,26.8075143,78.954279,26.8162399,78.9647801,26.80142,78.9481699
147411,Bihari Bhatpura,836,319.0,26.94927,78.9090214,26.9647199,78.91474,26.93703,78.89935
147414,Nagla Subhan,836,485.0,26.9331784,78.9443807,26.94161,78.95123,26.9255101,78.9371
147415,Larkhore,836,614.0,26.9336264,78.9316528,26.9399401,78.93894,26.9247499,78.9194799
147416,Henwara,836,513.0,26.9126089,78.9599347,26.92914,78.97916,26.89858,78.9440801
147417,Nagala Aniya,836,308.0,26.9050091,78.955693,26.90913,78.9685499,26.89401,78.94455
147418,Banamai,836,243.0,26.8933834,78.955693,26.9016301,78.96664,26.88612,78.9480898
143755,Amba Muratajapur,822,290.0,26.6194934,81.1719936,26.6298101,81.18413,26.6077199,81.1660901
143697,Dhanuwa Sand,822,417.0,26.648802,80.8958843,26.6547499,80.9076299,26.63036,80.8742
143701,Sulsa Mau,822,518.0,26.6086014,80.9069472,26.61868,80.9190001,26.59388,80.89182